user_id,db_id,company_id,company_name,career_url,website_current,website_corrected,Column 1,Column 2,Column 3,Column 4,Column 5,Column 6,Column 7,Column 8,Column 9,Column 10,Column 11,Column 12,Column 13,Column 14,Column 15,Column 16
d7cb6efc-1cb5-4946-a7db-0a015a646cbf,edf1be86-fb4e-49f0-9dde-4dd3cf9c2363,1,Stainless,https://jobs.ashbyhq.com/stainlessapi,,https://www.stainless.com,,,,,,,,,,,,,,,,
d7cb6efc-1cb5-4946-a7db-0a015a646cbf,edf1be86-fb4e-49f0-9dde-4dd3cf9c2363,2,Vic.ai,https://www.linkedin.com/company/vic-ai/jobs,https://linkedin.com,https://www.vic.ai,,,,,,,,,,,,,,,,
d7cb6efc-1cb5-4946-a7db-0a015a646cbf,edf1be86-fb4e-49f0-9dde-4dd3cf9c2363,3,Ramp,https://www.linkedin.com/company/ramp/jobs,https://linkedin.com,https://ramp.com,,,,,,,,,,,,,,,,
d7cb6efc-1cb5-4946-a7db-0a015a646cbf,edf1be86-fb4e-49f0-9dde-4dd3cf9c2363,4,Stepful,https://www.builtinnyc.com/company/stepful/jobs,https://builtinnyc.com,https://www.stepful.com,,,,,,,,,,,,,,,,
d7cb6efc-1cb5-4946-a7db-0a015a646cbf,edf1be86-fb4e-49f0-9dde-4dd3cf9c2363,5,Spring Health,https://job-boards.greenhouse.io/springhealth66,,https://www.springhealth.com,,,,,,,,,,,,,,,,
d7cb6efc-1cb5-4946-a7db-0a015a646cbf,edf1be86-fb4e-49f0-9dde-4dd3cf9c2363,6,Deliberate AI,https://www.linkedin.com/company/deliberate-ai/jobs,https://linkedin.com,https://www.deliberate.ai,,,,,,,,,,,,,,,,
d7cb6efc-1cb5-4946-a7db-0a015a646cbf,edf1be86-fb4e-49f0-9dde-4dd3cf9c2363,7,Brex,https://boards.greenhouse.io/embed/job_board?for=brex,,https://www.brex.com,,,,,,,,,,,,,,,,
d7cb6efc-1cb5-4946-a7db-0a015a646cbf,edf1be86-fb4e-49f0-9dde-4dd3cf9c2363,8,Camber,https://www.builtinnyc.com/company/camber/jobs,https://builtinnyc.com,https://www.camber.ai,,,,,,,,,,,,,,,,
d7cb6efc-1cb5-4946-a7db-0a015a646cbf,edf1be86-fb4e-49f0-9dde-4dd3cf9c2363,9,Ataraxis AI,https://www.linkedin.com/company/ataraxis-ai/jobs,https://linkedin.com,https://www.ataraxis.ai,,,,,,,,,,,,,,,,
d7cb6efc-1cb5-4946-a7db-0a015a646cbf,edf1be86-fb4e-49f0-9dde-4dd3cf9c2363,10,Stripe,https://stripe.com/jobs,https://stripe.com,https://stripe.com,,,,,,,,,,,,,,,,
d7cb6efc-1cb5-4946-a7db-0a015a646cbf,edf1be86-fb4e-49f0-9dde-4dd3cf9c2363,11,Plaid,https://plaid.com/careers,https://plaid.com,https://plaid.com,,,,,,,,,,,,,,,,
d7cb6efc-1cb5-4946-a7db-0a015a646cbf,edf1be86-fb4e-49f0-9dde-4dd3cf9c2363,12,Replit,https://jobs.ashbyhq.com/replit,,https://replit.com,,,,,,,,,,,,,,,,
d7cb6efc-1cb5-4946-a7db-0a015a646cbf,edf1be86-fb4e-49f0-9dde-4dd3cf9c2363,13,Notion,https://job-boards.greenhouse.io/notion,,https://www.notion.so,,,,,,,,,,,,,,,,
d7cb6efc-1cb5-4946-a7db-0a015a646cbf,edf1be86-fb4e-49f0-9dde-4dd3cf9c2363,14,Decagon,https://jobs.ashbyhq.com/decagon,,https://www.decagon.ai,,,,,,,,,,,,,,,,
d7cb6efc-1cb5-4946-a7db-0a015a646cbf,edf1be86-fb4e-49f0-9dde-4dd3cf9c2363,15,Osmo,https://osmo.ai/careers,https://osmo.ai,https://osmo.ai,,,,,,,,,,,,,,,,
d7cb6efc-1cb5-4946-a7db-0a015a646cbf,edf1be86-fb4e-49f0-9dde-4dd3cf9c2363,16,Modal Labs,https://modal.com/company,https://modal.com,https://modal.com,,,,,,,,,,,,,,,,
d7cb6efc-1cb5-4946-a7db-0a015a646cbf,edf1be86-fb4e-49f0-9dde-4dd3cf9c2363,17,Scale AI,https://scale.com/careers,https://scale.com,https://scale.com,,,,,,,,,,,,,,,,
d7cb6efc-1cb5-4946-a7db-0a015a646cbf,edf1be86-fb4e-49f0-9dde-4dd3cf9c2363,18,Hebbia,https://careers.hebbia.ai,https://hebbia.ai,https://www.hebbia.ai,,,,,,,,,,,,,,,,
d7cb6efc-1cb5-4946-a7db-0a015a646cbf,edf1be86-fb4e-49f0-9dde-4dd3cf9c2363,19,Headway,https://www.builtinnyc.com/company/headway/jobs,https://builtinnyc.com,https://headway.co,,,,,,,,,,,,,,,,
d7cb6efc-1cb5-4946-a7db-0a015a646cbf,edf1be86-fb4e-49f0-9dde-4dd3cf9c2363,20,AlphaSense,https://boards.greenhouse.io/alphasense,,https://www.alpha-sense.com,,,,,,,,,,,,,,,,
d7cb6efc-1cb5-4946-a7db-0a015a646cbf,edf1be86-fb4e-49f0-9dde-4dd3cf9c2363,21,OpenAI,https://openai.com/careers,https://openai.com,https://openai.com,,,,,,,,,,,,,,,,
d7cb6efc-1cb5-4946-a7db-0a015a646cbf,edf1be86-fb4e-49f0-9dde-4dd3cf9c2363,22,Mercury,https://mercury.com/jobs,https://mercury.com,https://mercury.com,,,,,,,,,,,,,,,,
d7cb6efc-1cb5-4946-a7db-0a015a646cbf,edf1be86-fb4e-49f0-9dde-4dd3cf9c2363,23,Kickoff,https://jobs.lever.co/Kickoff,,https://www.kickoff.com,,,,,,,,,,,,,,,,
d7cb6efc-1cb5-4946-a7db-0a015a646cbf,edf1be86-fb4e-49f0-9dde-4dd3cf9c2363,24,Anthropic,https://job-boards.greenhouse.io/anthropic,,https://www.anthropic.com,,,,,,,,,,,,,,,,
d7cb6efc-1cb5-4946-a7db-0a015a646cbf,edf1be86-fb4e-49f0-9dde-4dd3cf9c2363,25,EvolutionaryScale,https://evolutionaryscale.ai/careers,https://evolutionaryscale.ai,https://evolutionaryscale.ai,,,,,,,,,,,,,,,,
d7cb6efc-1cb5-4946-a7db-0a015a646cbf,edf1be86-fb4e-49f0-9dde-4dd3cf9c2363,26,Assembled,https://jobs.ashbyhq.com/assembledhq,,https://www.assembled.com,,,,,,,,,,,,,,,,
d7cb6efc-1cb5-4946-a7db-0a015a646cbf,edf1be86-fb4e-49f0-9dde-4dd3cf9c2363,1001,Shopify,https://shopify.com/careers,https://www.shopify.com,https://www.shopify.com,,,,,,,,,,,,,,,,
d7cb6efc-1cb5-4946-a7db-0a015a646cbf,edf1be86-fb4e-49f0-9dde-4dd3cf9c2363,1002,centific,https://centific.com/careers,https://centific.com,https://centific.com,,,,,,,,,,,,,,,,
d7cb6efc-1cb5-4946-a7db-0a015a646cbf,edf1be86-fb4e-49f0-9dde-4dd3cf9c2363,1003,Scale AI,https://scale.com/careers,https://scale.com,https://scale.com,,,,,,,,,,,,,,,,
d7cb6efc-1cb5-4946-a7db-0a015a646cbf,edf1be86-fb4e-49f0-9dde-4dd3cf9c2363,1004,Kong Inc.,https://konghq.com/careers,https://konghq.com,https://konghq.com,,,,,,,,,,,,,,,,
d7cb6efc-1cb5-4946-a7db-0a015a646cbf,edf1be86-fb4e-49f0-9dde-4dd3cf9c2363,1005,Airbnb,https://airbnb.com/careers,https://airbnb.com,https://airbnb.com,,,,,,,,,,,,,,,,
d7cb6efc-1cb5-4946-a7db-0a015a646cbf,edf1be86-fb4e-49f0-9dde-4dd3cf9c2363,1006,Scale AI,https://scale.com/careers,https://scale.com,https://scale.com,,,,,,,,,,,,,,,,
d7cb6efc-1cb5-4946-a7db-0a015a646cbf,edf1be86-fb4e-49f0-9dde-4dd3cf9c2363,1007,Cohere,https://cohere.ai/careers,https://cohere.ai,https://cohere.ai,,,,,,,,,,,,,,,,
d7cb6efc-1cb5-4946-a7db-0a015a646cbf,edf1be86-fb4e-49f0-9dde-4dd3cf9c2363,1008,Figma,https://figma.com/careers,,https://www.figma.com,,,,,,,,,,,,,,,,
d7cb6efc-1cb5-4946-a7db-0a015a646cbf,edf1be86-fb4e-49f0-9dde-4dd3cf9c2363,1009,Figma,https://figma.com/careers,https://www.figma.com**[11,https://www.figma.com,,,,,,,,,,,,,,,,
d7cb6efc-1cb5-4946-a7db-0a015a646cbf,edf1be86-fb4e-49f0-9dde-4dd3cf9c2363,1010,Figma,https://figma.com/careers,https://figma.com,https://www.figma.com,,,,,,,,,,,,,,,,
d7cb6efc-1cb5-4946-a7db-0a015a646cbf,edf1be86-fb4e-49f0-9dde-4dd3cf9c2363,1011,Figma,https://figma.com/careers,https://figma.com,https://www.figma.com,,,,,,,,,,,,,,,,
d7cb6efc-1cb5-4946-a7db-0a015a646cbf,edf1be86-fb4e-49f0-9dde-4dd3cf9c2363,1012,Figma,https://figma.com/careers,https://www.figma.com**,https://www.figma.com,,,,,,,,,,,,,,,,
d7cb6efc-1cb5-4946-a7db-0a015a646cbf,edf1be86-fb4e-49f0-9dde-4dd3cf9c2363,1013,Scale AI,https://scale.com/careers,https://scale.com[2,https://scale.com,,,,,,,,,,,,,,,,
d7cb6efc-1cb5-4946-a7db-0a015a646cbf,edf1be86-fb4e-49f0-9dde-4dd3cf9c2363,1014,Scale AI,https://scale.com/careers,,https://scale.com,,,,,,,,,,,,,,,,
d7cb6efc-1cb5-4946-a7db-0a015a646cbf,edf1be86-fb4e-49f0-9dde-4dd3cf9c2363,1015,Slack,https://slack.com/careers,https://slack.com,https://slack.com,,,,,,,,,,,,,,,,
d7cb6efc-1cb5-4946-a7db-0a015a646cbf,edf1be86-fb4e-49f0-9dde-4dd3cf9c2363,1016,Centific,https://centific.com/careers,https://centific.com,https://centific.com,,,,,,,,,,,,,,,,
d7cb6efc-1cb5-4946-a7db-0a015a646cbf,edf1be86-fb4e-49f0-9dde-4dd3cf9c2363,1017,Chargeflow,https://chargeflow.com/careers,https://chargeflow.com,https://chargeflow.com,,,,,,,,,,,,,,,,
d7cb6efc-1cb5-4946-a7db-0a015a646cbf,edf1be86-fb4e-49f0-9dde-4dd3cf9c2363,1018,Cepheid,https://cepheid.com/careers,https://cepheid.com,https://cepheid.com,,,,,,,,,,,,,,,,
d7cb6efc-1cb5-4946-a7db-0a015a646cbf,edf1be86-fb4e-49f0-9dde-4dd3cf9c2363,1019,ServiceNow,https://servicenow.com/careers,https://servicenow.com,https://servicenow.com,,,,,,,,,,,,,,,,
d7cb6efc-1cb5-4946-a7db-0a015a646cbf,edf1be86-fb4e-49f0-9dde-4dd3cf9c2363,1020,Salesforce,https://salesforce.com/careers,https://salesforce.com,https://salesforce.com,,,,,,,,,,,,,,,,
d7cb6efc-1cb5-4946-a7db-0a015a646cbf,edf1be86-fb4e-49f0-9dde-4dd3cf9c2363,1021,Riot Games,https://riotgames.com/careers,https://riotgames.com,https://riotgames.com,,,,,,,,,,,,,,,,
5a92dc5c-1d69-4f2c-bae6-a025c4c12f6c,dce78ce4-33f4-4236-b112-5d827f7d7f1d,1,Hyundai Motor America,https://careers-americas.hyundai.com/hma,https://hyundai.com,https://hyundai.com,,,,,,,,,,,,,,,,
5a92dc5c-1d69-4f2c-bae6-a025c4c12f6c,dce78ce4-33f4-4236-b112-5d827f7d7f1d,2,Ford Credit,https://www.careers.ford.com,https://ford.com,https://ford.com,,,,,,,,,,,,,,,,
5a92dc5c-1d69-4f2c-bae6-a025c4c12f6c,dce78ce4-33f4-4236-b112-5d827f7d7f1d,3,Microsoft,https://careers.microsoft.com,https://microsoft.com,https://microsoft.com,,,,,,,,,,,,,,,,
5a92dc5c-1d69-4f2c-bae6-a025c4c12f6c,dce78ce4-33f4-4236-b112-5d827f7d7f1d,4,American Express,https://www.americanexpress.com/careers,https://americanexpress.com,https://americanexpress.com,,,,,,,,,,,,,,,,
5a92dc5c-1d69-4f2c-bae6-a025c4c12f6c,dce78ce4-33f4-4236-b112-5d827f7d7f1d,5,Tesla,https://www.tesla.com/careers,https://tesla.com,https://tesla.com,,,,,,,,,,,,,,,,
5a92dc5c-1d69-4f2c-bae6-a025c4c12f6c,dce78ce4-33f4-4236-b112-5d827f7d7f1d,6,Rivian,https://careers.rivian.com,https://rivian.com,https://rivian.com,,,,,,,,,,,,,,,,
5a92dc5c-1d69-4f2c-bae6-a025c4c12f6c,dce78ce4-33f4-4236-b112-5d827f7d7f1d,7,General Motors,https://search-careers.gm.com,https://gm.com,https://gm.com,,,,,,,,,,,,,,,,
5a92dc5c-1d69-4f2c-bae6-a025c4c12f6c,dce78ce4-33f4-4236-b112-5d827f7d7f1d,8,Zendesk,https://www.zendesk.com/careers,https://zendesk.com,https://zendesk.com,,,,,,,,,,,,,,,,
5a92dc5c-1d69-4f2c-bae6-a025c4c12f6c,dce78ce4-33f4-4236-b112-5d827f7d7f1d,9,Datadog,https://careers.datadoghq.com,https://datadoghq.com,https://datadoghq.com,,,,,,,,,,,,,,,,
5a92dc5c-1d69-4f2c-bae6-a025c4c12f6c,dce78ce4-33f4-4236-b112-5d827f7d7f1d,10,JPMorgan Chase,https://careers.jpmorgan.com,https://jpmorgan.com,https://jpmorgan.com,,,,,,,,,,,,,,,,
5a92dc5c-1d69-4f2c-bae6-a025c4c12f6c,dce78ce4-33f4-4236-b112-5d827f7d7f1d,11,Lucid Motors,https://job-boards.greenhouse.io/lucidmotors,,https://www.lucidmotors.com,,,,,,,,,,,,,,,,
5a92dc5c-1d69-4f2c-bae6-a025c4c12f6c,dce78ce4-33f4-4236-b112-5d827f7d7f1d,12,Stellantis,https://careers.stellantis.com,https://stellantis.com,https://stellantis.com,,,,,,,,,,,,,,,,
5a92dc5c-1d69-4f2c-bae6-a025c4c12f6c,dce78ce4-33f4-4236-b112-5d827f7d7f1d,13,Prudential Financial,https://jobs.prudential.com,https://prudential.com,https://prudential.com,,,,,,,,,,,,,,,,
5a92dc5c-1d69-4f2c-bae6-a025c4c12f6c,dce78ce4-33f4-4236-b112-5d827f7d7f1d,14,Nike,https://careers.nike.com,https://nike.com,https://nike.com,,,,,,,,,,,,,,,,
5a92dc5c-1d69-4f2c-bae6-a025c4c12f6c,dce78ce4-33f4-4236-b112-5d827f7d7f1d,15,Salesforce,https://careers.salesforce.com,https://salesforce.com,https://salesforce.com,,,,,,,,,,,,,,,,
5a92dc5c-1d69-4f2c-bae6-a025c4c12f6c,dce78ce4-33f4-4236-b112-5d827f7d7f1d,16,Adobe,https://careers.adobe.com,https://adobe.com,https://adobe.com,,,,,,,,,,,,,,,,
5a92dc5c-1d69-4f2c-bae6-a025c4c12f6c,dce78ce4-33f4-4236-b112-5d827f7d7f1d,17,ServiceNow,https://careers.servicenow.com,https://servicenow.com,https://servicenow.com,,,,,,,,,,,,,,,,
5a92dc5c-1d69-4f2c-bae6-a025c4c12f6c,dce78ce4-33f4-4236-b112-5d827f7d7f1d,18,DoorDash,https://careersatdoordash.com,https://careersatdoordash.com,https://careersatdoordash.com,,,,,,,,,,,,,,,,
5a92dc5c-1d69-4f2c-bae6-a025c4c12f6c,dce78ce4-33f4-4236-b112-5d827f7d7f1d,19,Klaviyo,https://www.klaviyo.com/careers,https://klaviyo.com,https://klaviyo.com,,,,,,,,,,,,,,,,
5a92dc5c-1d69-4f2c-bae6-a025c4c12f6c,dce78ce4-33f4-4236-b112-5d827f7d7f1d,20,Stripe,https://stripe.com/careers,https://stripe.com,https://stripe.com,,,,,,,,,,,,,,,,
5a92dc5c-1d69-4f2c-bae6-a025c4c12f6c,dce78ce4-33f4-4236-b112-5d827f7d7f1d,21,Goldman Sachs,https://www.goldmansachs.com/careers,https://goldmansachs.com,https://goldmansachs.com,,,,,,,,,,,,,,,,
5a92dc5c-1d69-4f2c-bae6-a025c4c12f6c,dce78ce4-33f4-4236-b112-5d827f7d7f1d,22,SAP,https://jobs.sap.com,https://sap.com,https://sap.com,,,,,,,,,,,,,,,,
5a92dc5c-1d69-4f2c-bae6-a025c4c12f6c,dce78ce4-33f4-4236-b112-5d827f7d7f1d,23,Oracle,https://careers.oracle.com,https://oracle.com,https://oracle.com,,,,,,,,,,,,,,,,
5a92dc5c-1d69-4f2c-bae6-a025c4c12f6c,dce78ce4-33f4-4236-b112-5d827f7d7f1d,24,Workday,https://careers.workday.com,,https://www.workday.com,,,,,,,,,,,,,,,,
5a92dc5c-1d69-4f2c-bae6-a025c4c12f6c,dce78ce4-33f4-4236-b112-5d827f7d7f1d,25,Macy's Inc.,https://www.macysinc.com/careers,https://macysinc.com,https://macysinc.com,,,,,,,,,,,,,,,,
5a92dc5c-1d69-4f2c-bae6-a025c4c12f6c,dce78ce4-33f4-4236-b112-5d827f7d7f1d,26,Mount Sinai Health System,https://careers.mountsinai.org,https://mountsinai.org,https://mountsinai.org,,,,,,,,,,,,,,,,
5a92dc5c-1d69-4f2c-bae6-a025c4c12f6c,dce78ce4-33f4-4236-b112-5d827f7d7f1d,27,NYU Langone Health,https://jobs.nyulangone.org,https://nyulangone.org,https://nyulangone.org,,,,,,,,,,,,,,,,
5a92dc5c-1d69-4f2c-bae6-a025c4c12f6c,dce78ce4-33f4-4236-b112-5d827f7d7f1d,28,NBCUniversal,https://www.nbcunicareers.com,https://nbcunicareers.com,https://nbcunicareers.com,,,,,,,,,,,,,,,,
5a92dc5c-1d69-4f2c-bae6-a025c4c12f6c,dce78ce4-33f4-4236-b112-5d827f7d7f1d,29,Novartis,https://www.novartis.com/careers,https://novartis.com,https://novartis.com,,,,,,,,,,,,,,,,
5a92dc5c-1d69-4f2c-bae6-a025c4c12f6c,dce78ce4-33f4-4236-b112-5d827f7d7f1d,30,Warner Bros Discovery,https://careers.wbd.com,https://wbd.com,https://wbd.com,,,,,,,,,,,,,,,,
5a92dc5c-1d69-4f2c-bae6-a025c4c12f6c,dce78ce4-33f4-4236-b112-5d827f7d7f1d,31,Ro,https://ro.co/careers,https://ro.co,https://ro.co,,,,,,,,,,,,,,,,
5a92dc5c-1d69-4f2c-bae6-a025c4c12f6c,dce78ce4-33f4-4236-b112-5d827f7d7f1d,32,Oscar Health,https://www.hioscar.com/careers,https://hioscar.com,https://hioscar.com,,,,,,,,,,,,,,,,
5a92dc5c-1d69-4f2c-bae6-a025c4c12f6c,dce78ce4-33f4-4236-b112-5d827f7d7f1d,33,Teladoc Health,https://teladochealth.com/careers,https://teladochealth.com,https://teladochealth.com,,,,,,,,,,,,,,,,
5a92dc5c-1d69-4f2c-bae6-a025c4c12f6c,dce78ce4-33f4-4236-b112-5d827f7d7f1d,34,Chime,https://careers.chime.com,https://chime.com,https://chime.com,,,,,,,,,,,,,,,,
5a92dc5c-1d69-4f2c-bae6-a025c4c12f6c,dce78ce4-33f4-4236-b112-5d827f7d7f1d,35,Ramp,https://ramp.com/careers,https://ramp.com,https://ramp.com,,,,,,,,,,,,,,,,
5a92dc5c-1d69-4f2c-bae6-a025c4c12f6c,dce78ce4-33f4-4236-b112-5d827f7d7f1d,36,HubSpot,https://www.hubspot.com/careers,https://hubspot.com,https://hubspot.com,,,,,,,,,,,,,,,,
5a92dc5c-1d69-4f2c-bae6-a025c4c12f6c,dce78ce4-33f4-4236-b112-5d827f7d7f1d,37,Walmart,https://careers.walmart.com,https://walmart.com,https://walmart.com,,,,,,,,,,,,,,,,
5a92dc5c-1d69-4f2c-bae6-a025c4c12f6c,dce78ce4-33f4-4236-b112-5d827f7d7f1d,38,Socket,https://socket.dev/careers,https://socket.dev,https://socket.dev,,,,,,,,,,,,,,,,
5a92dc5c-1d69-4f2c-bae6-a025c4c12f6c,dce78ce4-33f4-4236-b112-5d827f7d7f1d,39,Siena AI,https://siena.cx/careers,https://siena.cx,https://siena.cx,,,,,,,,,,,,,,,,
5a92dc5c-1d69-4f2c-bae6-a025c4c12f6c,dce78ce4-33f4-4236-b112-5d827f7d7f1d,40,Vetcove,https://vetcove.com/careers,https://vetcove.com,https://vetcove.com,,,,,,,,,,,,,,,,
256e6fa9-cdd5-4bf6-9c05-9add9f84529e,ea14bb45-8c8e-4bd0-a542-d2345f3fc08f,1,ConvertKit,https://convertkit.com/careers,https://convertkit.com,https://convertkit.com,,,,,,,,,,,,,,,,
256e6fa9-cdd5-4bf6-9c05-9add9f84529e,ea14bb45-8c8e-4bd0-a542-d2345f3fc08f,2,Upstart,https://careers.upstart.com,https://upstart.com,https://upstart.com,,,,,,,,,,,,,,,,
256e6fa9-cdd5-4bf6-9c05-9add9f84529e,ea14bb45-8c8e-4bd0-a542-d2345f3fc08f,3,Block,https://block.xyz/careers,https://block.xyz,https://block.xyz,,,,,,,,,,,,,,,,
256e6fa9-cdd5-4bf6-9c05-9add9f84529e,ea14bb45-8c8e-4bd0-a542-d2345f3fc08f,4,Chewy,https://careers.chewy.com,https://chewy.com,https://chewy.com,,,,,,,,,,,,,,,,
256e6fa9-cdd5-4bf6-9c05-9add9f84529e,ea14bb45-8c8e-4bd0-a542-d2345f3fc08f,5,Toast,https://careers.toasttab.com,https://toasttab.com,https://toasttab.com,,,,,,,,,,,,,,,,
256e6fa9-cdd5-4bf6-9c05-9add9f84529e,ea14bb45-8c8e-4bd0-a542-d2345f3fc08f,6,Hims & Hers Health,https://www.forhims.com/careers,https://forhims.com,https://forhims.com,,,,,,,,,,,,,,,,
256e6fa9-cdd5-4bf6-9c05-9add9f84529e,ea14bb45-8c8e-4bd0-a542-d2345f3fc08f,7,Thumbtack,https://careers.thumbtack.com,https://thumbtack.com,https://thumbtack.com,,,,,,,,,,,,,,,,
256e6fa9-cdd5-4bf6-9c05-9add9f84529e,ea14bb45-8c8e-4bd0-a542-d2345f3fc08f,8,Chime,https://careers.chime.com,https://chime.com,https://chime.com,,,,,,,,,,,,,,,,
256e6fa9-cdd5-4bf6-9c05-9add9f84529e,ea14bb45-8c8e-4bd0-a542-d2345f3fc08f,9,Banzai,https://www.banzai.io/careers,https://banzai.io,https://banzai.io,,,,,,,,,,,,,,,,
256e6fa9-cdd5-4bf6-9c05-9add9f84529e,ea14bb45-8c8e-4bd0-a542-d2345f3fc08f,10,Aledade,https://www.aledade.com/careers,https://aledade.com,https://aledade.com,,,,,,,,,,,,,,,,
256e6fa9-cdd5-4bf6-9c05-9add9f84529e,ea14bb45-8c8e-4bd0-a542-d2345f3fc08f,11,FourKites,https://www.fourkites.com/careers,https://fourkites.com,https://fourkites.com,,,,,,,,,,,,,,,,
256e6fa9-cdd5-4bf6-9c05-9add9f84529e,ea14bb45-8c8e-4bd0-a542-d2345f3fc08f,12,Marqeta,https://www.marqeta.com/careers,https://marqeta.com,https://marqeta.com,,,,,,,,,,,,,,,,
256e6fa9-cdd5-4bf6-9c05-9add9f84529e,ea14bb45-8c8e-4bd0-a542-d2345f3fc08f,13,Built Technologies,https://getbuilt.com/careers,https://getbuilt.com,https://getbuilt.com,,,,,,,,,,,,,,,,
256e6fa9-cdd5-4bf6-9c05-9add9f84529e,ea14bb45-8c8e-4bd0-a542-d2345f3fc08f,14,Astronomer,https://www.astronomer.io/careers,https://astronomer.io,https://astronomer.io,,,,,,,,,,,,,,,,
256e6fa9-cdd5-4bf6-9c05-9add9f84529e,ea14bb45-8c8e-4bd0-a542-d2345f3fc08f,15,Oscar Health,https://www.hioscar.com/careers,https://hioscar.com,https://hioscar.com,,,,,,,,,,,,,,,,
256e6fa9-cdd5-4bf6-9c05-9add9f84529e,ea14bb45-8c8e-4bd0-a542-d2345f3fc08f,16,Databricks,https://www.databricks.com/company/careers,https://databricks.com,https://databricks.com,,,,,,,,,,,,,,,,
256e6fa9-cdd5-4bf6-9c05-9add9f84529e,ea14bb45-8c8e-4bd0-a542-d2345f3fc08f,17,Snowflake,https://careers.snowflake.com,https://snowflake.com,https://snowflake.com,,,,,,,,,,,,,,,,
256e6fa9-cdd5-4bf6-9c05-9add9f84529e,ea14bb45-8c8e-4bd0-a542-d2345f3fc08f,18,Tempus AI,https://www.tempus.com/careers,https://tempus.com,https://tempus.com,,,,,,,,,,,,,,,,
256e6fa9-cdd5-4bf6-9c05-9add9f84529e,ea14bb45-8c8e-4bd0-a542-d2345f3fc08f,19,G2,https://www.g2.com/careers,https://g2.com,https://g2.com,,,,,,,,,,,,,,,,
256e6fa9-cdd5-4bf6-9c05-9add9f84529e,ea14bb45-8c8e-4bd0-a542-d2345f3fc08f,20,Sprout Social,https://sproutsocial.com/careers,https://sproutsocial.com,https://sproutsocial.com,,,,,,,,,,,,,,,,
256e6fa9-cdd5-4bf6-9c05-9add9f84529e,ea14bb45-8c8e-4bd0-a542-d2345f3fc08f,21,Grubhub,https://careers.grubhub.com,https://grubhub.com,https://grubhub.com,,,,,,,,,,,,,,,,
256e6fa9-cdd5-4bf6-9c05-9add9f84529e,ea14bb45-8c8e-4bd0-a542-d2345f3fc08f,22,Relativity,https://www.relativity.com/careers,https://relativity.com,https://relativity.com,,,,,,,,,,,,,,,,
256e6fa9-cdd5-4bf6-9c05-9add9f84529e,ea14bb45-8c8e-4bd0-a542-d2345f3fc08f,23,Amount,https://www.amount.com/careers,https://amount.com,https://amount.com,,,,,,,,,,,,,,,,
256e6fa9-cdd5-4bf6-9c05-9add9f84529e,ea14bb45-8c8e-4bd0-a542-d2345f3fc08f,24,Ocient,https://www.ocient.com/careers,https://ocient.com,https://ocient.com,,,,,,,,,,,,,,,,
256e6fa9-cdd5-4bf6-9c05-9add9f84529e,ea14bb45-8c8e-4bd0-a542-d2345f3fc08f,25,ActiveCampaign,https://www.activecampaign.com/careers,https://activecampaign.com,https://activecampaign.com,,,,,,,,,,,,,,,,
256e6fa9-cdd5-4bf6-9c05-9add9f84529e,ea14bb45-8c8e-4bd0-a542-d2345f3fc08f,26,Avant,https://www.avant.com/careers,https://avant.com,https://avant.com,,,,,,,,,,,,,,,,
256e6fa9-cdd5-4bf6-9c05-9add9f84529e,ea14bb45-8c8e-4bd0-a542-d2345f3fc08f,27,GitLab,https://about.gitlab.com/jobs,https://gitlab.com,https://gitlab.com,,,,,,,,,,,,,,,,
256e6fa9-cdd5-4bf6-9c05-9add9f84529e,ea14bb45-8c8e-4bd0-a542-d2345f3fc08f,28,Buffer,https://buffer.com/journey,https://buffer.com,https://buffer.com,,,,,,,,,,,,,,,,
256e6fa9-cdd5-4bf6-9c05-9add9f84529e,ea14bb45-8c8e-4bd0-a542-d2345f3fc08f,29,Zapier,https://zapier.com/jobs,https://zapier.com,https://zapier.com,,,,,,,,,,,,,,,,
256e6fa9-cdd5-4bf6-9c05-9add9f84529e,ea14bb45-8c8e-4bd0-a542-d2345f3fc08f,30,Ashby,https://www.ashbyhq.com/careers,,https://www.ashbyhq.com,,,,,,,,,,,,,,,,
256e6fa9-cdd5-4bf6-9c05-9add9f84529e,ea14bb45-8c8e-4bd0-a542-d2345f3fc08f,31,Mozart Data,https://www.mozartdata.com/careers,https://mozartdata.com,https://mozartdata.com,,,,,,,,,,,,,,,,
256e6fa9-cdd5-4bf6-9c05-9add9f84529e,ea14bb45-8c8e-4bd0-a542-d2345f3fc08f,32,dbt Labs,https://www.getdbt.com/careers,https://getdbt.com,https://getdbt.com,,,,,,,,,,,,,,,,
256e6fa9-cdd5-4bf6-9c05-9add9f84529e,ea14bb45-8c8e-4bd0-a542-d2345f3fc08f,33,Stripe,https://stripe.com/jobs,https://stripe.com,https://stripe.com,,,,,,,,,,,,,,,,
256e6fa9-cdd5-4bf6-9c05-9add9f84529e,ea14bb45-8c8e-4bd0-a542-d2345f3fc08f,34,Aha!,https://www.aha.io/company/careers,https://aha.io,https://aha.io,,,,,,,,,,,,,,,,
256e6fa9-cdd5-4bf6-9c05-9add9f84529e,ea14bb45-8c8e-4bd0-a542-d2345f3fc08f,35,Uber Eats,https://www.uber.com/careers,https://uber.com,https://uber.com,,,,,,,,,,,,,,,,
78e30374-396c-4787-9972-fbb6da275d0f,abe1e2b8-a696-487b-b20d-d51bd9f00b7c,1,Airbnb,https://careers.airbnb.com/,https://airbnb.com,https://airbnb.com,,,,,,,,,,,,,,,,
78e30374-396c-4787-9972-fbb6da275d0f,abe1e2b8-a696-487b-b20d-d51bd9f00b7c,2,HubSpot,https://www.hubspot.com/careers,https://hubspot.com,https://hubspot.com,,,,,,,,,,,,,,,,
78e30374-396c-4787-9972-fbb6da275d0f,abe1e2b8-a696-487b-b20d-d51bd9f00b7c,3,The Trade Desk,https://careers.thetradedesk.com/,https://thetradedesk.com,https://thetradedesk.com,,,,,,,,,,,,,,,,
78e30374-396c-4787-9972-fbb6da275d0f,abe1e2b8-a696-487b-b20d-d51bd9f00b7c,4,Figma,https://www.figma.com/careers/,https://figma.com,https://www.figma.com,,,,,,,,,,,,,,,,
78e30374-396c-4787-9972-fbb6da275d0f,abe1e2b8-a696-487b-b20d-d51bd9f00b7c,5,Retool,https://retool.com/careers,https://retool.com,https://retool.com,,,,,,,,,,,,,,,,
78e30374-396c-4787-9972-fbb6da275d0f,abe1e2b8-a696-487b-b20d-d51bd9f00b7c,6,Clay,https://clay.com/careers,https://clay.com,https://clay.com,,,,,,,,,,,,,,,,
78e30374-396c-4787-9972-fbb6da275d0f,abe1e2b8-a696-487b-b20d-d51bd9f00b7c,7,Hinge Health,https://www.hingehealth.com/careers,https://hingehealth.com,https://hingehealth.com,,,,,,,,,,,,,,,,
78e30374-396c-4787-9972-fbb6da275d0f,abe1e2b8-a696-487b-b20d-d51bd9f00b7c,8,Linear,https://linear.app/careers,https://linear.app,https://linear.app,,,,,,,,,,,,,,,,
78e30374-396c-4787-9972-fbb6da275d0f,abe1e2b8-a696-487b-b20d-d51bd9f00b7c,9,Oura Health,https://ouraring.com/careers,https://ouraring.com,https://ouraring.com,,,,,,,,,,,,,,,,
78e30374-396c-4787-9972-fbb6da275d0f,abe1e2b8-a696-487b-b20d-d51bd9f00b7c,10,Dexcom,https://www.dexcom.com/careers,https://dexcom.com,https://dexcom.com,,,,,,,,,,,,,,,,
78e30374-396c-4787-9972-fbb6da275d0f,abe1e2b8-a696-487b-b20d-d51bd9f00b7c,11,Udemy,https://about.udemy.com/careers/,https://udemy.com,https://udemy.com,,,,,,,,,,,,,,,,
78e30374-396c-4787-9972-fbb6da275d0f,abe1e2b8-a696-487b-b20d-d51bd9f00b7c,12,Maze,https://maze.co/careers/,https://maze.co,https://maze.co,,,,,,,,,,,,,,,,
78e30374-396c-4787-9972-fbb6da275d0f,abe1e2b8-a696-487b-b20d-d51bd9f00b7c,13,Gusto,https://gusto.com/careers,https://gusto.com,https://gusto.com,,,,,,,,,,,,,,,,
78e30374-396c-4787-9972-fbb6da275d0f,abe1e2b8-a696-487b-b20d-d51bd9f00b7c,14,Oscar Health,https://www.hioscar.com/careers,https://hioscar.com,https://hioscar.com,,,,,,,,,,,,,,,,
78e30374-396c-4787-9972-fbb6da275d0f,abe1e2b8-a696-487b-b20d-d51bd9f00b7c,15,Vetcove,https://vetcove.com/careers,https://vetcove.com,https://vetcove.com,,,,,,,,,,,,,,,,
78e30374-396c-4787-9972-fbb6da275d0f,abe1e2b8-a696-487b-b20d-d51bd9f00b7c,16,Hinge,https://hinge.co/careers,https://hinge.co,https://hinge.co,,,,,,,,,,,,,,,,
78e30374-396c-4787-9972-fbb6da275d0f,abe1e2b8-a696-487b-b20d-d51bd9f00b7c,17,ShopBack,https://careers.shopback.com/,https://shopback.com,https://shopback.com,,,,,,,,,,,,,,,,
78e30374-396c-4787-9972-fbb6da275d0f,abe1e2b8-a696-487b-b20d-d51bd9f00b7c,18,Netflix,https://jobs.netflix.com/,https://netflix.com,https://netflix.com,,,,,,,,,,,,,,,,
78e30374-396c-4787-9972-fbb6da275d0f,abe1e2b8-a696-487b-b20d-d51bd9f00b7c,19,Adobe,https://careers.adobe.com/,https://adobe.com,https://adobe.com,,,,,,,,,,,,,,,,
78e30374-396c-4787-9972-fbb6da275d0f,abe1e2b8-a696-487b-b20d-d51bd9f00b7c,1001,Zapier,https://zapier.com/careers,https://zapier.com,https://zapier.com,,,,,,,,,,,,,,,,
78e30374-396c-4787-9972-fbb6da275d0f,abe1e2b8-a696-487b-b20d-d51bd9f00b7c,1002,Miro,https://miro.com/careers,https://miro.com,https://miro.com,,,,,,,,,,,,,,,,
78e30374-396c-4787-9972-fbb6da275d0f,abe1e2b8-a696-487b-b20d-d51bd9f00b7c,1003,Stripe,https://stripe.com/careers,https://stripe.com,https://stripe.com,,,,,,,,,,,,,,,,
78e30374-396c-4787-9972-fbb6da275d0f,abe1e2b8-a696-487b-b20d-d51bd9f00b7c,1004,Canva,https://canva.com/careers,https://canva.com,https://canva.com,,,,,,,,,,,,,,,,
78e30374-396c-4787-9972-fbb6da275d0f,abe1e2b8-a696-487b-b20d-d51bd9f00b7c,1005,biodiversity,https://biodiversity.com/careers,https://biodiversity.com,https://biodiversity.com,,,,,,,,,,,,,,,,
78e30374-396c-4787-9972-fbb6da275d0f,abe1e2b8-a696-487b-b20d-d51bd9f00b7c,1006,SpaceX,https://spacex.com/careers,https://spacex.com,https://spacex.com,,,,,,,,,,,,,,,,
3cb78a5b-8c48-4b99-a203-7dcb898318eb,52a7db10-2bb7-48d5-b6e3-f4558ef55d36,1,Manchester United,https://www.manutd.com/en/club/careers,https://manutd.com,https://manutd.com,,,,,,,,,,,,,,,,
3cb78a5b-8c48-4b99-a203-7dcb898318eb,52a7db10-2bb7-48d5-b6e3-f4558ef55d36,2,Atletico Madrid,https://en.atleticodemadrid.com/trabaja-con-nosotros,https://atleticodemadrid.com,https://atleticodemadrid.com,,,,,,,,,,,,,,,,
3cb78a5b-8c48-4b99-a203-7dcb898318eb,52a7db10-2bb7-48d5-b6e3-f4558ef55d36,3,Juventus,https://www.juventus.com/en/club/careers,https://juventus.com,https://juventus.com,,,,,,,,,,,,,,,,
3cb78a5b-8c48-4b99-a203-7dcb898318eb,52a7db10-2bb7-48d5-b6e3-f4558ef55d36,4,AS Roma,https://www.asroma.com/en/club/careers,https://asroma.com,https://asroma.com,,,,,,,,,,,,,,,,
3cb78a5b-8c48-4b99-a203-7dcb898318eb,52a7db10-2bb7-48d5-b6e3-f4558ef55d36,5,Newcastle United,https://www.nufc.co.uk/club/careers,https://nufc.co.uk,https://nufc.co.uk,,,,,,,,,,,,,,,,
3cb78a5b-8c48-4b99-a203-7dcb898318eb,52a7db10-2bb7-48d5-b6e3-f4558ef55d36,6,Olympique Lyonnais,https://www.ol.fr/fr/club/recrutement,https://ol.fr,https://ol.fr,,,,,,,,,,,,,,,,
3cb78a5b-8c48-4b99-a203-7dcb898318eb,52a7db10-2bb7-48d5-b6e3-f4558ef55d36,7,Inter Miami CF,https://www.intermiamicf.com/careers,https://intermiamicf.com,https://intermiamicf.com,,,,,,,,,,,,,,,,
3cb78a5b-8c48-4b99-a203-7dcb898318eb,52a7db10-2bb7-48d5-b6e3-f4558ef55d36,8,Crystal Palace,https://www.cpfc.co.uk/club/careers,https://cpfc.co.uk,https://cpfc.co.uk,,,,,,,,,,,,,,,,
3cb78a5b-8c48-4b99-a203-7dcb898318eb,52a7db10-2bb7-48d5-b6e3-f4558ef55d36,9,Valencia CF,https://www.valenciacf.com/en/club/work-with-us,https://valenciacf.com,https://valenciacf.com,,,,,,,,,,,,,,,,
3cb78a5b-8c48-4b99-a203-7dcb898318eb,52a7db10-2bb7-48d5-b6e3-f4558ef55d36,10,St. Louis City SC,https://www.stlcitysc.com/club/careers,https://stlcitysc.com,https://stlcitysc.com,,,,,,,,,,,,,,,,
3cb78a5b-8c48-4b99-a203-7dcb898318eb,52a7db10-2bb7-48d5-b6e3-f4558ef55d36,11,Rio Ave FC,https://rioave.pt/careers,https://rioave.pt,https://rioave.pt,,,,,,,,,,,,,,,,
3cb78a5b-8c48-4b99-a203-7dcb898318eb,52a7db10-2bb7-48d5-b6e3-f4558ef55d36,12,NEOM SC,https://careers.neom.com,https://neom.com,https://neom.com,,,,,,,,,,,,,,,,
3cb78a5b-8c48-4b99-a203-7dcb898318eb,52a7db10-2bb7-48d5-b6e3-f4558ef55d36,13,RB Leipzig,https://rbleipzig.com/en/club/careers,https://rbleipzig.com,https://rbleipzig.com,,,,,,,,,,,,,,,,
3cb78a5b-8c48-4b99-a203-7dcb898318eb,52a7db10-2bb7-48d5-b6e3-f4558ef55d36,14,RC Strasbourg,https://www.rcstrasbourgalsace.fr/club/recrutement,https://rcstrasbourgalsace.fr,https://rcstrasbourgalsace.fr,,,,,,,,,,,,,,,,
3cb78a5b-8c48-4b99-a203-7dcb898318eb,52a7db10-2bb7-48d5-b6e3-f4558ef55d36,15,TSG Hoffenheim,https://www.tsg-hoffenheim.de/club/careers,https://tsg-hoffenheim.de,https://tsg-hoffenheim.de,,,,,,,,,,,,,,,,
3cb78a5b-8c48-4b99-a203-7dcb898318eb,52a7db10-2bb7-48d5-b6e3-f4558ef55d36,16,Girona FC,https://www.gironafc.cat/club/careers,https://gironafc.cat,https://gironafc.cat,,,,,,,,,,,,,,,,
3cb78a5b-8c48-4b99-a203-7dcb898318eb,52a7db10-2bb7-48d5-b6e3-f4558ef55d36,17,Al-Ettifaq,https://www.ettifaq.com/careers,https://ettifaq.com,https://ettifaq.com,,,,,,,,,,,,,,,,
3cb78a5b-8c48-4b99-a203-7dcb898318eb,52a7db10-2bb7-48d5-b6e3-f4558ef55d36,18,Casa Pia AC,https://www.casapiaac.pt/careers,https://casapiaac.pt,https://casapiaac.pt,,,,,,,,,,,,,,,,
3cb78a5b-8c48-4b99-a203-7dcb898318eb,52a7db10-2bb7-48d5-b6e3-f4558ef55d36,19,RCD Espanyol,https://www.rcdespanyol.com/en/club/work-with-us,https://rcdespanyol.com,https://rcdespanyol.com,,,,,,,,,,,,,,,,
3cb78a5b-8c48-4b99-a203-7dcb898318eb,52a7db10-2bb7-48d5-b6e3-f4558ef55d36,20,Dijon FCO,https://www.dfco.fr/club/recrutement,https://dfco.fr,https://dfco.fr,,,,,,,,,,,,,,,,
3cb78a5b-8c48-4b99-a203-7dcb898318eb,52a7db10-2bb7-48d5-b6e3-f4558ef55d36,1001,Airbnb,https://airbnb.com/careers,https://airbnb.com,https://airbnb.com,,,,,,,,,,,,,,,,
43797e38-40e9-4185-b536-2451ae272ca4,b45852c3-bc74-4c84-8355-001b5692ef22,1,GitLab,https://about.gitlab.com/jobs/,https://gitlab.com,https://gitlab.com,,,,,,,,,,,,,,,,
43797e38-40e9-4185-b536-2451ae272ca4,b45852c3-bc74-4c84-8355-001b5692ef22,2,Figma,https://www.figma.com/careers/,https://figma.com,https://www.figma.com,,,,,,,,,,,,,,,,
43797e38-40e9-4185-b536-2451ae272ca4,b45852c3-bc74-4c84-8355-001b5692ef22,3,Shopify,https://www.shopify.com/careers,https://shopify.com,https://shopify.com,,,,,,,,,,,,,,,,
43797e38-40e9-4185-b536-2451ae272ca4,b45852c3-bc74-4c84-8355-001b5692ef22,4,Duolingo,https://careers.duolingo.com/,https://duolingo.com,https://duolingo.com,,,,,,,,,,,,,,,,
43797e38-40e9-4185-b536-2451ae272ca4,b45852c3-bc74-4c84-8355-001b5692ef22,5,Coursera,https://careers.coursera.com/,https://coursera.com,https://coursera.com,,,,,,,,,,,,,,,,
43797e38-40e9-4185-b536-2451ae272ca4,b45852c3-bc74-4c84-8355-001b5692ef22,6,HubSpot,https://www.hubspot.com/careers,https://hubspot.com,https://hubspot.com,,,,,,,,,,,,,,,,
43797e38-40e9-4185-b536-2451ae272ca4,b45852c3-bc74-4c84-8355-001b5692ef22,7,Kickstarter,https://www.kickstarter.com/careers,https://kickstarter.com,https://kickstarter.com,,,,,,,,,,,,,,,,
43797e38-40e9-4185-b536-2451ae272ca4,b45852c3-bc74-4c84-8355-001b5692ef22,8,Cedar,https://www.cedar.com/careers,https://cedar.com,https://cedar.com,,,,,,,,,,,,,,,,
43797e38-40e9-4185-b536-2451ae272ca4,b45852c3-bc74-4c84-8355-001b5692ef22,9,Omada Health,https://www.omadahealth.com/careers,https://omadahealth.com,https://omadahealth.com,,,,,,,,,,,,,,,,
43797e38-40e9-4185-b536-2451ae272ca4,b45852c3-bc74-4c84-8355-001b5692ef22,10,Watershed,https://watershed.com/careers,https://watershed.com,https://watershed.com,,,,,,,,,,,,,,,,
43797e38-40e9-4185-b536-2451ae272ca4,b45852c3-bc74-4c84-8355-001b5692ef22,11,Aurora Solar,https://www.aurorasolar.com/careers,https://aurorasolar.com,https://aurorasolar.com,,,,,,,,,,,,,,,,
43797e38-40e9-4185-b536-2451ae272ca4,b45852c3-bc74-4c84-8355-001b5692ef22,12,D2L Brightspace,https://www.d2l.com/careers,https://d2l.com,https://d2l.com,,,,,,,,,,,,,,,,
43797e38-40e9-4185-b536-2451ae272ca4,b45852c3-bc74-4c84-8355-001b5692ef22,13,Khan Academy,https://www.khanacademy.org/careers,https://khanacademy.org,https://www.khanacademy.org,,,,,,,,,,,,,,,,
43797e38-40e9-4185-b536-2451ae272ca4,b45852c3-bc74-4c84-8355-001b5692ef22,14,Change.org,https://careers.change.org/,https://change.org,https://change.org,,,,,,,,,,,,,,,,
43797e38-40e9-4185-b536-2451ae272ca4,b45852c3-bc74-4c84-8355-001b5692ef22,15,Etsy,https://careers.etsy.com/,https://etsy.com,https://etsy.com,,,,,,,,,,,,,,,,
43797e38-40e9-4185-b536-2451ae272ca4,b45852c3-bc74-4c84-8355-001b5692ef22,16,Persefoni,https://www.persefoni.com/careers,https://persefoni.com,https://persefoni.com,,,,,,,,,,,,,,,,
43797e38-40e9-4185-b536-2451ae272ca4,b45852c3-bc74-4c84-8355-001b5692ef22,17,Indigo Ag,https://www.indigoag.com/careers,https://indigoag.com,https://indigoag.com,,,,,,,,,,,,,,,,
43797e38-40e9-4185-b536-2451ae272ca4,b45852c3-bc74-4c84-8355-001b5692ef22,18,Atlassian,https://www.atlassian.com/careers,https://atlassian.com,https://atlassian.com,,,,,,,,,,,,,,,,
43797e38-40e9-4185-b536-2451ae272ca4,b45852c3-bc74-4c84-8355-001b5692ef22,19,Slack,https://slack.com/careers,https://slack.com,https://slack.com,,,,,,,,,,,,,,,,
43797e38-40e9-4185-b536-2451ae272ca4,b45852c3-bc74-4c84-8355-001b5692ef22,20,Clio,https://www.clio.com/careers,https://clio.com,https://clio.com,,,,,,,,,,,,,,,,
43797e38-40e9-4185-b536-2451ae272ca4,b45852c3-bc74-4c84-8355-001b5692ef22,21,1Password,https://1password.com/careers,https://1password.com,https://1password.com,,,,,,,,,,,,,,,,
43797e38-40e9-4185-b536-2451ae272ca4,b45852c3-bc74-4c84-8355-001b5692ef22,22,Maple,https://www.getmaple.ca/careers,https://getmaple.ca,https://getmaple.ca,,,,,,,,,,,,,,,,
43797e38-40e9-4185-b536-2451ae272ca4,b45852c3-bc74-4c84-8355-001b5692ef22,23,League,https://league.com/careers,https://league.com,https://league.com,,,,,,,,,,,,,,,,
43797e38-40e9-4185-b536-2451ae272ca4,b45852c3-bc74-4c84-8355-001b5692ef22,24,Top Hat,https://tophat.com/careers,https://tophat.com,https://tophat.com,,,,,,,,,,,,,,,,
43797e38-40e9-4185-b536-2451ae272ca4,b45852c3-bc74-4c84-8355-001b5692ef22,25,KOHO,https://www.koho.ca/careers,https://koho.ca,https://koho.ca,,,,,,,,,,,,,,,,
43797e38-40e9-4185-b536-2451ae272ca4,b45852c3-bc74-4c84-8355-001b5692ef22,26,Microsoft,https://careers.microsoft.com,https://microsoft.com,https://microsoft.com,,,,,,,,,,,,,,,,
43797e38-40e9-4185-b536-2451ae272ca4,b45852c3-bc74-4c84-8355-001b5692ef22,27,Zillow,https://www.zillow.com/careers,https://zillow.com,https://zillow.com,,,,,,,,,,,,,,,,
43797e38-40e9-4185-b536-2451ae272ca4,b45852c3-bc74-4c84-8355-001b5692ef22,28,Kit (ConvertKit),https://kit.com/careers,https://kit.com,https://kit.com,,,,,,,,,,,,,,,,
43797e38-40e9-4185-b536-2451ae272ca4,b45852c3-bc74-4c84-8355-001b5692ef22,29,Ashby,https://www.ashbyhq.com/careers,,https://www.ashbyhq.com,,,,,,,,,,,,,,,,
43797e38-40e9-4185-b536-2451ae272ca4,b45852c3-bc74-4c84-8355-001b5692ef22,30,15Five,https://www.15five.com/careers,https://15five.com,https://15five.com,,,,,,,,,,,,,,,,
43797e38-40e9-4185-b536-2451ae272ca4,b45852c3-bc74-4c84-8355-001b5692ef22,31,Lattice,https://lattice.com/careers,https://lattice.com,https://lattice.com,,,,,,,,,,,,,,,,
43797e38-40e9-4185-b536-2451ae272ca4,b45852c3-bc74-4c84-8355-001b5692ef22,32,OhmConnect,https://www.ohmconnect.com/careers,https://ohmconnect.com,https://ohmconnect.com,,,,,,,,,,,,,,,,
43797e38-40e9-4185-b536-2451ae272ca4,b45852c3-bc74-4c84-8355-001b5692ef22,33,Tempus AI,https://www.tempus.com/careers,https://tempus.com,https://tempus.com,,,,,,,,,,,,,,,,
43797e38-40e9-4185-b536-2451ae272ca4,b45852c3-bc74-4c84-8355-001b5692ef22,34,Affirm,https://www.affirm.com/careers,https://affirm.com,https://affirm.com,,,,,,,,,,,,,,,,
43797e38-40e9-4185-b536-2451ae272ca4,b45852c3-bc74-4c84-8355-001b5692ef22,35,AWS,https://aws.amazon.com/careers,https://amazon.com,https://amazon.com,,,,,,,,,,,,,,,,
43797e38-40e9-4185-b536-2451ae272ca4,b45852c3-bc74-4c84-8355-001b5692ef22,1001,Loom,https://loom.com/careers,https://loom.com,https://loom.com,,,,,,,,,,,,,,,,
43797e38-40e9-4185-b536-2451ae272ca4,b45852c3-bc74-4c84-8355-001b5692ef22,1002,Dropbox,https://dropbox.com/careers,https://dropbox.com,https://dropbox.com,,,,,,,,,,,,,,,,
43797e38-40e9-4185-b536-2451ae272ca4,b45852c3-bc74-4c84-8355-001b5692ef22,1003,PostHog,https://posthog.com/careers,https://posthog.com,https://posthog.com,,,,,,,,,,,,,,,,
619c90f2-4f11-475a-a423-271a0886e370,a97affdb-6d3f-4f96-bbbe-2a330dc7e735,1,Qualcomm,https://www.qualcomm.com/company/careers,https://qualcomm.com,https://qualcomm.com,,,,,,,,,,,,,,,,
619c90f2-4f11-475a-a423-271a0886e370,a97affdb-6d3f-4f96-bbbe-2a330dc7e735,2,Stripe,https://stripe.com/jobs,https://stripe.com,https://stripe.com,,,,,,,,,,,,,,,,
619c90f2-4f11-475a-a423-271a0886e370,a97affdb-6d3f-4f96-bbbe-2a330dc7e735,3,ServiceNow,https://www.servicenow.com/careers,https://servicenow.com,https://servicenow.com,,,,,,,,,,,,,,,,
619c90f2-4f11-475a-a423-271a0886e370,a97affdb-6d3f-4f96-bbbe-2a330dc7e735,4,Databricks,https://www.databricks.com/company/careers,https://databricks.com,https://databricks.com,,,,,,,,,,,,,,,,
619c90f2-4f11-475a-a423-271a0886e370,a97affdb-6d3f-4f96-bbbe-2a330dc7e735,5,Snowflake,https://careers.snowflake.com,https://snowflake.com,https://snowflake.com,,,,,,,,,,,,,,,,
619c90f2-4f11-475a-a423-271a0886e370,a97affdb-6d3f-4f96-bbbe-2a330dc7e735,6,Illumina,https://www.illumina.com/company/careers,https://illumina.com,https://illumina.com,,,,,,,,,,,,,,,,
619c90f2-4f11-475a-a423-271a0886e370,a97affdb-6d3f-4f96-bbbe-2a330dc7e735,7,Anthropic,https://www.anthropic.com/careers,https://anthropic.com,https://www.anthropic.com,,,,,,,,,,,,,,,,
619c90f2-4f11-475a-a423-271a0886e370,a97affdb-6d3f-4f96-bbbe-2a330dc7e735,8,Brain Corp,https://www.braincorp.com/careers,https://braincorp.com,https://braincorp.com,,,,,,,,,,,,,,,,
619c90f2-4f11-475a-a423-271a0886e370,a97affdb-6d3f-4f96-bbbe-2a330dc7e735,9,Etsy,https://careers.etsy.com,https://etsy.com,https://etsy.com,,,,,,,,,,,,,,,,
619c90f2-4f11-475a-a423-271a0886e370,a97affdb-6d3f-4f96-bbbe-2a330dc7e735,10,Vercel,https://vercel.com/careers,https://vercel.com,https://vercel.com,,,,,,,,,,,,,,,,
619c90f2-4f11-475a-a423-271a0886e370,a97affdb-6d3f-4f96-bbbe-2a330dc7e735,11,Seismic,https://seismic.com/careers,https://seismic.com,https://seismic.com,,,,,,,,,,,,,,,,
619c90f2-4f11-475a-a423-271a0886e370,a97affdb-6d3f-4f96-bbbe-2a330dc7e735,12,Temporal Technologies,https://temporal.io/careers,https://temporal.io,https://temporal.io,,,,,,,,,,,,,,,,
619c90f2-4f11-475a-a423-271a0886e370,a97affdb-6d3f-4f96-bbbe-2a330dc7e735,13,Scale AI,https://scale.com/careers,https://scale.com,https://scale.com,,,,,,,,,,,,,,,,
619c90f2-4f11-475a-a423-271a0886e370,a97affdb-6d3f-4f96-bbbe-2a330dc7e735,14,Datadog,https://www.datadoghq.com/careers,https://datadoghq.com,https://datadoghq.com,,,,,,,,,,,,,,,,
619c90f2-4f11-475a-a423-271a0886e370,a97affdb-6d3f-4f96-bbbe-2a330dc7e735,15,Instacart,https://instacart.careers,https://instacart.careers,https://instacart.careers,,,,,,,,,,,,,,,,
619c90f2-4f11-475a-a423-271a0886e370,a97affdb-6d3f-4f96-bbbe-2a330dc7e735,16,Amazon San Diego,https://www.amazon.jobs,https://amazon.jobs,https://amazon.jobs,,,,,,,,,,,,,,,,
619c90f2-4f11-475a-a423-271a0886e370,a97affdb-6d3f-4f96-bbbe-2a330dc7e735,17,Hex Technologies,https://hex.tech/careers,https://hex.tech,https://hex.tech,,,,,,,,,,,,,,,,
619c90f2-4f11-475a-a423-271a0886e370,a97affdb-6d3f-4f96-bbbe-2a330dc7e735,18,Plaid,https://plaid.com/careers,https://plaid.com,https://plaid.com,,,,,,,,,,,,,,,,
619c90f2-4f11-475a-a423-271a0886e370,a97affdb-6d3f-4f96-bbbe-2a330dc7e735,19,Weights & Biases,https://www.wandb.ai/careers,https://wandb.ai,https://wandb.ai,,,,,,,,,,,,,,,,
619c90f2-4f11-475a-a423-271a0886e370,a97affdb-6d3f-4f96-bbbe-2a330dc7e735,20,DoorDash,https://careers.doordash.com,https://doordash.com,https://doordash.com,,,,,,,,,,,,,,,,
619c90f2-4f11-475a-a423-271a0886e370,a97affdb-6d3f-4f96-bbbe-2a330dc7e735,21,Confluent,https://www.confluent.io/careers,https://confluent.io,https://confluent.io,,,,,,,,,,,,,,,,
619c90f2-4f11-475a-a423-271a0886e370,a97affdb-6d3f-4f96-bbbe-2a330dc7e735,22,Uber,https://www.uber.com/careers,https://uber.com,https://uber.com,,,,,,,,,,,,,,,,
619c90f2-4f11-475a-a423-271a0886e370,a97affdb-6d3f-4f96-bbbe-2a330dc7e735,23,Thumbtack,https://www.thumbtack.com/careers,https://thumbtack.com,https://thumbtack.com,,,,,,,,,,,,,,,,
619c90f2-4f11-475a-a423-271a0886e370,a97affdb-6d3f-4f96-bbbe-2a330dc7e735,24,Kyriba,https://www.kyriba.com/careers,https://kyriba.com,https://kyriba.com,,,,,,,,,,,,,,,,
619c90f2-4f11-475a-a423-271a0886e370,a97affdb-6d3f-4f96-bbbe-2a330dc7e735,25,Supabase,https://supabase.com/careers,https://supabase.com,https://supabase.com,,,,,,,,,,,,,,,,
619c90f2-4f11-475a-a423-271a0886e370,a97affdb-6d3f-4f96-bbbe-2a330dc7e735,26,Twilio,https://www.twilio.com/company/jobs,https://twilio.com,https://twilio.com,,,,,,,,,,,,,,,,
619c90f2-4f11-475a-a423-271a0886e370,a97affdb-6d3f-4f96-bbbe-2a330dc7e735,27,Mitchell International,https://www.mitchell.com/careers,https://mitchell.com,https://mitchell.com,,,,,,,,,,,,,,,,
619c90f2-4f11-475a-a423-271a0886e370,a97affdb-6d3f-4f96-bbbe-2a330dc7e735,28,Brex,https://www.brex.com/careers,https://brex.com,https://www.brex.com,,,,,,,,,,,,,,,,
619c90f2-4f11-475a-a423-271a0886e370,a97affdb-6d3f-4f96-bbbe-2a330dc7e735,29,MongoDB,https://www.mongodb.com/careers,https://mongodb.com,https://mongodb.com,,,,,,,,,,,,,,,,
619c90f2-4f11-475a-a423-271a0886e370,a97affdb-6d3f-4f96-bbbe-2a330dc7e735,30,Pinecone,https://www.pinecone.io/careers,https://pinecone.io,https://pinecone.io,,,,,,,,,,,,,,,,
619c90f2-4f11-475a-a423-271a0886e370,a97affdb-6d3f-4f96-bbbe-2a330dc7e735,31,Rippling,https://www.rippling.com/careers,https://rippling.com,https://rippling.com,,,,,,,,,,,,,,,,
619c90f2-4f11-475a-a423-271a0886e370,a97affdb-6d3f-4f96-bbbe-2a330dc7e735,32,Fivetran,https://fivetran.com/careers,https://fivetran.com,https://fivetran.com,,,,,,,,,,,,,,,,
619c90f2-4f11-475a-a423-271a0886e370,a97affdb-6d3f-4f96-bbbe-2a330dc7e735,33,HashiCorp,https://www.hashicorp.com/careers,https://hashicorp.com,https://hashicorp.com,,,,,,,,,,,,,,,,
619c90f2-4f11-475a-a423-271a0886e370,a97affdb-6d3f-4f96-bbbe-2a330dc7e735,34,Render,https://render.com/careers,https://render.com,https://render.com,,,,,,,,,,,,,,,,
619c90f2-4f11-475a-a423-271a0886e370,a97affdb-6d3f-4f96-bbbe-2a330dc7e735,35,ClickUp,https://clickup.com/careers,https://clickup.com,https://clickup.com,,,,,,,,,,,,,,,,
619c90f2-4f11-475a-a423-271a0886e370,a97affdb-6d3f-4f96-bbbe-2a330dc7e735,36,Viasat,https://careers.viasat.com,https://viasat.com,https://viasat.com,,,,,,,,,,,,,,,,
619c90f2-4f11-475a-a423-271a0886e370,a97affdb-6d3f-4f96-bbbe-2a330dc7e735,37,Coinbase,https://www.coinbase.com/careers,https://coinbase.com,https://coinbase.com,,,,,,,,,,,,,,,,
619c90f2-4f11-475a-a423-271a0886e370,a97affdb-6d3f-4f96-bbbe-2a330dc7e735,38,Elastic,https://www.elastic.co/careers,https://elastic.co,https://elastic.co,,,,,,,,,,,,,,,,
619c90f2-4f11-475a-a423-271a0886e370,a97affdb-6d3f-4f96-bbbe-2a330dc7e735,39,dbt Labs,https://www.getdbt.com/careers,https://getdbt.com,https://getdbt.com,,,,,,,,,,,,,,,,
619c90f2-4f11-475a-a423-271a0886e370,a97affdb-6d3f-4f96-bbbe-2a330dc7e735,40,Airbyte,https://airbyte.com/careers,https://airbyte.com,https://airbyte.com,,,,,,,,,,,,,,,,
619c90f2-4f11-475a-a423-271a0886e370,a97affdb-6d3f-4f96-bbbe-2a330dc7e735,41,Wiz,https://www.wiz.io/careers,https://wiz.io,https://wiz.io,,,,,,,,,,,,,,,,
619c90f2-4f11-475a-a423-271a0886e370,a97affdb-6d3f-4f96-bbbe-2a330dc7e735,42,Monte Carlo,https://www.montecarlodata.com/careers,https://montecarlodata.com,https://montecarlodata.com,,,,,,,,,,,,,,,,
619c90f2-4f11-475a-a423-271a0886e370,a97affdb-6d3f-4f96-bbbe-2a330dc7e735,43,Tecton,https://www.tecton.ai/careers,https://tecton.ai,https://tecton.ai,,,,,,,,,,,,,,,,
619c90f2-4f11-475a-a423-271a0886e370,a97affdb-6d3f-4f96-bbbe-2a330dc7e735,44,Cloudbeds,https://www.cloudbeds.com/careers,https://cloudbeds.com,https://cloudbeds.com,,,,,,,,,,,,,,,,
619c90f2-4f11-475a-a423-271a0886e370,a97affdb-6d3f-4f96-bbbe-2a330dc7e735,45,Mitek,https://www.miteksystems.com/careers,https://miteksystems.com,https://miteksystems.com,,,,,,,,,,,,,,,,
619c90f2-4f11-475a-a423-271a0886e370,a97affdb-6d3f-4f96-bbbe-2a330dc7e735,1001,Atlassian,https://atlassian.com/careers,https://atlassian.com,https://atlassian.com,,,,,,,,,,,,,,,,
619c90f2-4f11-475a-a423-271a0886e370,a97affdb-6d3f-4f96-bbbe-2a330dc7e735,1002,Twilio,https://twilio.com/careers,https://twilio.com,https://twilio.com,,,,,,,,,,,,,,,,
619c90f2-4f11-475a-a423-271a0886e370,a97affdb-6d3f-4f96-bbbe-2a330dc7e735,1003,playstation,https://playstation.com/careers,https://playstation.com,https://playstation.com,,,,,,,,,,,,,,,,
619c90f2-4f11-475a-a423-271a0886e370,a97affdb-6d3f-4f96-bbbe-2a330dc7e735,1004,Uber,https://uber.com/careers,https://uber.com,https://uber.com,,,,,,,,,,,,,,,,
619c90f2-4f11-475a-a423-271a0886e370,a97affdb-6d3f-4f96-bbbe-2a330dc7e735,1005,Retool,https://retool.com/careers,https://retool.com,https://retool.com,,,,,,,,,,,,,,,,
619c90f2-4f11-475a-a423-271a0886e370,a97affdb-6d3f-4f96-bbbe-2a330dc7e735,1006,adyen,https://adyen.com/careers,https://adyen.com,https://adyen.com,,,,,,,,,,,,,,,,
619c90f2-4f11-475a-a423-271a0886e370,a97affdb-6d3f-4f96-bbbe-2a330dc7e735,1007,Updater,https://updater.com/careers,https://updater.com,https://updater.com,,,,,,,,,,,,,,,,
619c90f2-4f11-475a-a423-271a0886e370,a97affdb-6d3f-4f96-bbbe-2a330dc7e735,1008,Chargeflow,https://chargeflow.com/careers,https://chargeflow.com,https://chargeflow.com,,,,,,,,,,,,,,,,
619c90f2-4f11-475a-a423-271a0886e370,a97affdb-6d3f-4f96-bbbe-2a330dc7e735,1009,Kong Inc.,https://konghq.com/careers,https://konghq.com,https://konghq.com,,,,,,,,,,,,,,,,
619c90f2-4f11-475a-a423-271a0886e370,a97affdb-6d3f-4f96-bbbe-2a330dc7e735,1010,Credo AI,https://credo.ai/careers,https://credo.ai,https://credo.ai,,,,,,,,,,,,,,,,
619c90f2-4f11-475a-a423-271a0886e370,a97affdb-6d3f-4f96-bbbe-2a330dc7e735,1011,1Password,https://1password.com/careers,https://1password.com,https://1password.com,,,,,,,,,,,,,,,,
619c90f2-4f11-475a-a423-271a0886e370,a97affdb-6d3f-4f96-bbbe-2a330dc7e735,1012,Blurb,https://blurb.com/careers,https://blurb.com,https://blurb.com,,,,,,,,,,,,,,,,
619c90f2-4f11-475a-a423-271a0886e370,a97affdb-6d3f-4f96-bbbe-2a330dc7e735,1013,MondelÄ“z International,https://mondelez.com/careers,https://mondelez.com,https://mondelez.com,,,,,,,,,,,,,,,,
619c90f2-4f11-475a-a423-271a0886e370,a97affdb-6d3f-4f96-bbbe-2a330dc7e735,1014,Ashby,https://ashbyhq.com/careers,https://ashbyhq.com,https://www.ashbyhq.com,,,,,,,,,,,,,,,,
619c90f2-4f11-475a-a423-271a0886e370,a97affdb-6d3f-4f96-bbbe-2a330dc7e735,1015,Sophos,https://sophos.com/careers,https://sophos.com,https://sophos.com,,,,,,,,,,,,,,,,
619c90f2-4f11-475a-a423-271a0886e370,a97affdb-6d3f-4f96-bbbe-2a330dc7e735,1016,Sentry,https://sentry.io/careers,https://sentry.io,https://sentry.io,,,,,,,,,,,,,,,,
619c90f2-4f11-475a-a423-271a0886e370,a97affdb-6d3f-4f96-bbbe-2a330dc7e735,1017,Shield AI,https://shield.ai/careers,https://shield.ai,https://shield.ai,,,,,,,,,,,,,,,,
619c90f2-4f11-475a-a423-271a0886e370,a97affdb-6d3f-4f96-bbbe-2a330dc7e735,1018,Visa,https://visa.com/careers,https://visa.com,https://visa.com,,,,,,,,,,,,,,,,
619c90f2-4f11-475a-a423-271a0886e370,a97affdb-6d3f-4f96-bbbe-2a330dc7e735,1019,Okta,https://okta.com/careers,https://okta.com,https://okta.com,,,,,,,,,,,,,,,,
619c90f2-4f11-475a-a423-271a0886e370,a97affdb-6d3f-4f96-bbbe-2a330dc7e735,1020,CloudX (The Cloud X),https://thecloudx.com/careers,https://thecloudx.com,https://thecloudx.com,,,,,,,,,,,,,,,,
619c90f2-4f11-475a-a423-271a0886e370,a97affdb-6d3f-4f96-bbbe-2a330dc7e735,1021,thecloudx.co,https://thecloudx.co/careers,https://thecloudx.co,https://thecloudx.co,,,,,,,,,,,,,,,,
7e2d78fe-f320-4257-81d6-555afac52907,8caebbe5-3f4f-4a4f-a6d6-4207914592d3,1,The Trade Desk,https://careers.thetradedesk.com/,https://thetradedesk.com,https://thetradedesk.com,,,,,,,,,,,,,,,,
7e2d78fe-f320-4257-81d6-555afac52907,8caebbe5-3f4f-4a4f-a6d6-4207914592d3,2,Confluent,https://careers.confluent.io/,https://confluent.io,https://confluent.io,,,,,,,,,,,,,,,,
7e2d78fe-f320-4257-81d6-555afac52907,8caebbe5-3f4f-4a4f-a6d6-4207914592d3,3,Klaviyo,https://www.klaviyo.com/careers,https://klaviyo.com,https://klaviyo.com,,,,,,,,,,,,,,,,
7e2d78fe-f320-4257-81d6-555afac52907,8caebbe5-3f4f-4a4f-a6d6-4207914592d3,4,Datadog,https://careers.datadoghq.com/,https://datadoghq.com,https://datadoghq.com,,,,,,,,,,,,,,,,
7e2d78fe-f320-4257-81d6-555afac52907,8caebbe5-3f4f-4a4f-a6d6-4207914592d3,5,LiveRamp,https://liveramp.wd5.myworkdayjobs.com/LiveRampCareers,,https://liveramp.com,,,,,,,,,,,,,,,,
7e2d78fe-f320-4257-81d6-555afac52907,8caebbe5-3f4f-4a4f-a6d6-4207914592d3,6,ServiceNow,https://careers.servicenow.com/,https://servicenow.com,https://servicenow.com,,,,,,,,,,,,,,,,
7e2d78fe-f320-4257-81d6-555afac52907,8caebbe5-3f4f-4a4f-a6d6-4207914592d3,7,Workday,https://workday.wd5.myworkdayjobs.com/Workday,,https://www.workday.com,,,,,,,,,,,,,,,,
7e2d78fe-f320-4257-81d6-555afac52907,8caebbe5-3f4f-4a4f-a6d6-4207914592d3,8,PubMatic,https://careers.pubmatic.com/,https://pubmatic.com,https://pubmatic.com,,,,,,,,,,,,,,,,
7e2d78fe-f320-4257-81d6-555afac52907,8caebbe5-3f4f-4a4f-a6d6-4207914592d3,9,Alteryx,https://www.alteryx.com/company/careers,https://alteryx.com,https://alteryx.com,,,,,,,,,,,,,,,,
7e2d78fe-f320-4257-81d6-555afac52907,8caebbe5-3f4f-4a4f-a6d6-4207914592d3,10,Criteo,https://careers.criteo.com/,https://criteo.com,https://criteo.com,,,,,,,,,,,,,,,,
7e2d78fe-f320-4257-81d6-555afac52907,8caebbe5-3f4f-4a4f-a6d6-4207914592d3,11,Bloomreach,https://www.bloomreach.com/en/company/careers,https://bloomreach.com,https://bloomreach.com,,,,,,,,,,,,,,,,
7e2d78fe-f320-4257-81d6-555afac52907,8caebbe5-3f4f-4a4f-a6d6-4207914592d3,12,ThoughtSpot,https://thoughtspot.wd5.myworkdayjobs.com/careers,,https://www.thoughtspot.com,,,,,,,,,,,,,,,,
7e2d78fe-f320-4257-81d6-555afac52907,8caebbe5-3f4f-4a4f-a6d6-4207914592d3,13,Okta,https://www.okta.com/company/careers/,https://okta.com,https://okta.com,,,,,,,,,,,,,,,,
7e2d78fe-f320-4257-81d6-555afac52907,8caebbe5-3f4f-4a4f-a6d6-4207914592d3,14,Shopify,https://www.shopify.com/careers,https://shopify.com,https://shopify.com,,,,,,,,,,,,,,,,
7e2d78fe-f320-4257-81d6-555afac52907,8caebbe5-3f4f-4a4f-a6d6-4207914592d3,15,Demandbase,https://www.demandbase.com/careers/,https://demandbase.com,https://demandbase.com,,,,,,,,,,,,,,,,
7e2d78fe-f320-4257-81d6-555afac52907,8caebbe5-3f4f-4a4f-a6d6-4207914592d3,16,Instacart,https://instacart.careers/,https://instacart.careers,https://instacart.careers,,,,,,,,,,,,,,,,
7e2d78fe-f320-4257-81d6-555afac52907,8caebbe5-3f4f-4a4f-a6d6-4207914592d3,17,Starburst,https://www.starburst.io/careers/,https://starburst.io,https://starburst.io,,,,,,,,,,,,,,,,
7e2d78fe-f320-4257-81d6-555afac52907,8caebbe5-3f4f-4a4f-a6d6-4207914592d3,18,Attentive,https://www.attentive.com/careers,https://attentive.com,https://attentive.com,,,,,,,,,,,,,,,,
7e2d78fe-f320-4257-81d6-555afac52907,8caebbe5-3f4f-4a4f-a6d6-4207914592d3,19,DoubleVerify,https://doubleverify.com/careers/,https://doubleverify.com,https://doubleverify.com,,,,,,,,,,,,,,,,
7e2d78fe-f320-4257-81d6-555afac52907,8caebbe5-3f4f-4a4f-a6d6-4207914592d3,20,HubSpot,https://www.hubspot.com/careers,https://hubspot.com,https://hubspot.com,,,,,,,,,,,,,,,,
7e2d78fe-f320-4257-81d6-555afac52907,8caebbe5-3f4f-4a4f-a6d6-4207914592d3,21,Marqeta,https://www.marqeta.com/careers,https://marqeta.com,https://marqeta.com,,,,,,,,,,,,,,,,
7e2d78fe-f320-4257-81d6-555afac52907,8caebbe5-3f4f-4a4f-a6d6-4207914592d3,22,Fivetran,https://www.fivetran.com/careers,https://fivetran.com,https://fivetran.com,,,,,,,,,,,,,,,,
7e2d78fe-f320-4257-81d6-555afac52907,8caebbe5-3f4f-4a4f-a6d6-4207914592d3,23,Integral Ad Science,https://integralads.com/about-ias/careers/,https://integralads.com,https://integralads.com,,,,,,,,,,,,,,,,
7e2d78fe-f320-4257-81d6-555afac52907,8caebbe5-3f4f-4a4f-a6d6-4207914592d3,24,Monday.com,https://monday.com/careers,https://monday.com,https://monday.com,,,,,,,,,,,,,,,,
7e2d78fe-f320-4257-81d6-555afac52907,8caebbe5-3f4f-4a4f-a6d6-4207914592d3,25,Zendesk,https://jobs.zendesk.com/,https://zendesk.com,https://zendesk.com,,,,,,,,,,,,,,,,
7e2d78fe-f320-4257-81d6-555afac52907,8caebbe5-3f4f-4a4f-a6d6-4207914592d3,26,VideoAmp,https://boards.greenhouse.io/embed/job_board?for=videoamp,,https://www.videoamp.com,,,,,,,,,,,,,,,,
7e2d78fe-f320-4257-81d6-555afac52907,8caebbe5-3f4f-4a4f-a6d6-4207914592d3,27,UiPath,https://www.uipath.com/careers,https://uipath.com,https://uipath.com,,,,,,,,,,,,,,,,
7e2d78fe-f320-4257-81d6-555afac52907,8caebbe5-3f4f-4a4f-a6d6-4207914592d3,28,Stripe,https://stripe.com/jobs,https://stripe.com,https://stripe.com,,,,,,,,,,,,,,,,
7e2d78fe-f320-4257-81d6-555afac52907,8caebbe5-3f4f-4a4f-a6d6-4207914592d3,29,Mediaocean,https://www.mediaocean.com/openings,https://mediaocean.com,https://mediaocean.com,,,,,,,,,,,,,,,,
7e2d78fe-f320-4257-81d6-555afac52907,8caebbe5-3f4f-4a4f-a6d6-4207914592d3,30,Block (Square),https://block.xyz/careers/jobs,https://block.xyz,https://block.xyz,,,,,,,,,,,,,,,,
7e2d78fe-f320-4257-81d6-555afac52907,8caebbe5-3f4f-4a4f-a6d6-4207914592d3,31,dbt Labs,https://www.getdbt.com/careers,https://getdbt.com,https://getdbt.com,,,,,,,,,,,,,,,,
7e2d78fe-f320-4257-81d6-555afac52907,8caebbe5-3f4f-4a4f-a6d6-4207914592d3,32,Glean,https://glean.com/careers,https://glean.com,https://glean.com,,,,,,,,,,,,,,,,
7e2d78fe-f320-4257-81d6-555afac52907,8caebbe5-3f4f-4a4f-a6d6-4207914592d3,33,Cohere,https://cohere.com/careers,https://cohere.com,https://cohere.com,,,,,,,,,,,,,,,,
7e2d78fe-f320-4257-81d6-555afac52907,8caebbe5-3f4f-4a4f-a6d6-4207914592d3,34,Instabase,https://instabase.com/careers,https://instabase.com,https://instabase.com,,,,,,,,,,,,,,,,
7e2d78fe-f320-4257-81d6-555afac52907,8caebbe5-3f4f-4a4f-a6d6-4207914592d3,35,Abnormal Security,https://careers.abnormal.ai/,https://abnormal.ai,https://abnormal.ai,,,,,,,,,,,,,,,,
7e2d78fe-f320-4257-81d6-555afac52907,8caebbe5-3f4f-4a4f-a6d6-4207914592d3,36,Monte Carlo,https://www.montecarlodata.com/careers,https://montecarlodata.com,https://montecarlodata.com,,,,,,,,,,,,,,,,
7e2d78fe-f320-4257-81d6-555afac52907,8caebbe5-3f4f-4a4f-a6d6-4207914592d3,37,Anyscale,https://www.anyscale.com/careers,https://anyscale.com,https://anyscale.com,,,,,,,,,,,,,,,,
7e2d78fe-f320-4257-81d6-555afac52907,8caebbe5-3f4f-4a4f-a6d6-4207914592d3,38,Cresta,https://cresta.com/careers,https://cresta.com,https://cresta.com,,,,,,,,,,,,,,,,
e67c3f2a-b22c-4545-b5bb-d6289a7b2c77,9d9e9ccb-0324-473a-ba74-b859aa48f186,1,MagicSchool AI,https://jobs.ashbyhq.com/magicschool,,https://www.magicschool.ai,,,,,,,,,,,,,,,,
e67c3f2a-b22c-4545-b5bb-d6289a7b2c77,9d9e9ccb-0324-473a-ba74-b859aa48f186,2,Khan Academy,https://boards.greenhouse.io/khanacademy,,https://www.khanacademy.org,,,,,,,,,,,,,,,,
e67c3f2a-b22c-4545-b5bb-d6289a7b2c77,9d9e9ccb-0324-473a-ba74-b859aa48f186,3,GitHub Education,https://boards.greenhouse.io/github,,https://education.github.com,,,,,,,,,,,,,,,,
e67c3f2a-b22c-4545-b5bb-d6289a7b2c77,9d9e9ccb-0324-473a-ba74-b859aa48f186,4,ClassDojo,https://boards.greenhouse.io/classdojo,,https://www.classdojo.com,,,,,,,,,,,,,,,,
e67c3f2a-b22c-4545-b5bb-d6289a7b2c77,9d9e9ccb-0324-473a-ba74-b859aa48f186,5,Amplify,https://amplify.wd1.myworkdayjobs.com/Amplify_Careers,,https://amplify.com,,,,,,,,,,,,,,,,
e67c3f2a-b22c-4545-b5bb-d6289a7b2c77,9d9e9ccb-0324-473a-ba74-b859aa48f186,6,Outschool,https://boards.greenhouse.io/outschool,,https://outschool.com,,,,,,,,,,,,,,,,
e67c3f2a-b22c-4545-b5bb-d6289a7b2c77,9d9e9ccb-0324-473a-ba74-b859aa48f186,7,Curriculum Associates,https://www.curriculumassociates.com/about/careers,https://curriculumassociates.com,https://curriculumassociates.com,,,,,,,,,,,,,,,,
e67c3f2a-b22c-4545-b5bb-d6289a7b2c77,9d9e9ccb-0324-473a-ba74-b859aa48f186,8,Imagine Learning,https://www.imaginelearning.com/about/careers/,https://imaginelearning.com,https://imaginelearning.com,,,,,,,,,,,,,,,,
e67c3f2a-b22c-4545-b5bb-d6289a7b2c77,9d9e9ccb-0324-473a-ba74-b859aa48f186,9,Digital Promise,https://digitalpromise.org/about/careers/,https://digitalpromise.org,https://digitalpromise.org,,,,,,,,,,,,,,,,
e67c3f2a-b22c-4545-b5bb-d6289a7b2c77,9d9e9ccb-0324-473a-ba74-b859aa48f186,10,Quizlet,https://jobs.lever.co/quizlet-2,,https://quizlet.com,,,,,,,,,,,,,,,,
e67c3f2a-b22c-4545-b5bb-d6289a7b2c77,9d9e9ccb-0324-473a-ba74-b859aa48f186,11,Everlaw,https://job-boards.greenhouse.io/everlaw,,https://www.everlaw.com,,,,,,,,,,,,,,,,
e67c3f2a-b22c-4545-b5bb-d6289a7b2c77,9d9e9ccb-0324-473a-ba74-b859aa48f186,12,Seesaw,https://builtin.com/job/product/product-manager/1974782,https://builtin.com,https://builtin.com,,,,,,,,,,,,,,,,
e67c3f2a-b22c-4545-b5bb-d6289a7b2c77,9d9e9ccb-0324-473a-ba74-b859aa48f186,13,XQ Institute,https://apply.workable.com/xqthesuperschoolproject/,https://workable.com,https://workable.com,,,,,,,,,,,,,,,,
e67c3f2a-b22c-4545-b5bb-d6289a7b2c77,9d9e9ccb-0324-473a-ba74-b859aa48f186,14,Coursera,https://careers.coursera.com/,https://coursera.com,https://coursera.com,,,,,,,,,,,,,,,,
e67c3f2a-b22c-4545-b5bb-d6289a7b2c77,9d9e9ccb-0324-473a-ba74-b859aa48f186,15,Gradescope,https://jobs.smartrecruiters.com/TurnitinLLC,https://smartrecruiters.com,https://smartrecruiters.com,,,,,,,,,,,,,,,,
e67c3f2a-b22c-4545-b5bb-d6289a7b2c77,9d9e9ccb-0324-473a-ba74-b859aa48f186,16,Common Sense Media,https://www.commonsensemedia.org/about-us/were-hiring,https://commonsensemedia.org,https://commonsensemedia.org,,,,,,,,,,,,,,,,
e67c3f2a-b22c-4545-b5bb-d6289a7b2c77,9d9e9ccb-0324-473a-ba74-b859aa48f186,17,Watershed,https://watershed.com/careers,https://watershed.com,https://watershed.com,,,,,,,,,,,,,,,,
e67c3f2a-b22c-4545-b5bb-d6289a7b2c77,9d9e9ccb-0324-473a-ba74-b859aa48f186,18,GoodLeap,https://jobs.lever.co/goodleap,,https://www.goodleap.com,,,,,,,,,,,,,,,,
e67c3f2a-b22c-4545-b5bb-d6289a7b2c77,9d9e9ccb-0324-473a-ba74-b859aa48f186,19,Illustrative Mathematics,https://illustrativemathematics.applytojob.com/apply,https://applytojob.com,https://applytojob.com,,,,,,,,,,,,,,,,
e67c3f2a-b22c-4545-b5bb-d6289a7b2c77,9d9e9ccb-0324-473a-ba74-b859aa48f186,20,WestEd,https://www.wested.org/work-at-wested/,https://wested.org,https://wested.org,,,,,,,,,,,,,,,,
e67c3f2a-b22c-4545-b5bb-d6289a7b2c77,9d9e9ccb-0324-473a-ba74-b859aa48f186,21,NWEA,https://careers.hmhco.com/,https://hmhco.com,https://hmhco.com,,,,,,,,,,,,,,,,
e67c3f2a-b22c-4545-b5bb-d6289a7b2c77,9d9e9ccb-0324-473a-ba74-b859aa48f186,22,Newsela,https://job-boards.greenhouse.io/newsela,,https://newsela.com,,,,,,,,,,,,,,,,
e67c3f2a-b22c-4545-b5bb-d6289a7b2c77,9d9e9ccb-0324-473a-ba74-b859aa48f186,23,Zearn,https://apply.workable.com/zearn/,https://workable.com,https://workable.com,,,,,,,,,,,,,,,,
e67c3f2a-b22c-4545-b5bb-d6289a7b2c77,9d9e9ccb-0324-473a-ba74-b859aa48f186,24,Kiddom,https://jobs.lever.co/kiddom,,https://www.kiddom.co,,,,,,,,,,,,,,,,
e67c3f2a-b22c-4545-b5bb-d6289a7b2c77,9d9e9ccb-0324-473a-ba74-b859aa48f186,25,Nearpod,https://www.getro.org/companies/nearpod/jobs,https://getro.org,https://getro.org,,,,,,,,,,,,,,,,
e67c3f2a-b22c-4545-b5bb-d6289a7b2c77,9d9e9ccb-0324-473a-ba74-b859aa48f186,26,Learning.com,https://www.learning.com/career-openings/,https://learning.com,https://learning.com,,,,,,,,,,,,,,,,
e67c3f2a-b22c-4545-b5bb-d6289a7b2c77,9d9e9ccb-0324-473a-ba74-b859aa48f186,27,Remitly,https://careers.remitly.com/,https://remitly.com,https://remitly.com,,,,,,,,,,,,,,,,
e67c3f2a-b22c-4545-b5bb-d6289a7b2c77,9d9e9ccb-0324-473a-ba74-b859aa48f186,1001,Zapier,https://zapier.com/jobs,https://zapier.com,https://zapier.com,,,,,,,,,,,,,,,,
a11c1836-eeb9-4a41-9483-9d420932ac93,822b1351-a7ef-490c-8496-3d82336a9010,1,Stainless,https://jobs.ashbyhq.com/stainlessapi,,https://www.stainless.com,,,,,,,,,,,,,,,,
a11c1836-eeb9-4a41-9483-9d420932ac93,822b1351-a7ef-490c-8496-3d82336a9010,2,Vic.ai,https://www.linkedin.com/company/vic-ai/jobs,https://linkedin.com,https://www.vic.ai,,,,,,,,,,,,,,,,
a11c1836-eeb9-4a41-9483-9d420932ac93,822b1351-a7ef-490c-8496-3d82336a9010,3,Ramp,https://www.linkedin.com/company/ramp/jobs,https://linkedin.com,https://ramp.com,,,,,,,,,,,,,,,,
a11c1836-eeb9-4a41-9483-9d420932ac93,822b1351-a7ef-490c-8496-3d82336a9010,4,Stepful,https://www.builtinnyc.com/company/stepful/jobs,https://builtinnyc.com,https://www.stepful.com,,,,,,,,,,,,,,,,
a11c1836-eeb9-4a41-9483-9d420932ac93,822b1351-a7ef-490c-8496-3d82336a9010,5,Spring Health,https://job-boards.greenhouse.io/springhealth66,,https://www.springhealth.com,,,,,,,,,,,,,,,,
a11c1836-eeb9-4a41-9483-9d420932ac93,822b1351-a7ef-490c-8496-3d82336a9010,6,Deliberate AI,https://www.linkedin.com/company/deliberate-ai/jobs,https://linkedin.com,https://www.deliberate.ai,,,,,,,,,,,,,,,,
a11c1836-eeb9-4a41-9483-9d420932ac93,822b1351-a7ef-490c-8496-3d82336a9010,7,Brex,https://boards.greenhouse.io/embed/job_board?for=brex,,https://www.brex.com,,,,,,,,,,,,,,,,
a11c1836-eeb9-4a41-9483-9d420932ac93,822b1351-a7ef-490c-8496-3d82336a9010,8,Camber,https://www.builtinnyc.com/company/camber/jobs,https://builtinnyc.com,https://www.camber.ai,,,,,,,,,,,,,,,,
a11c1836-eeb9-4a41-9483-9d420932ac93,822b1351-a7ef-490c-8496-3d82336a9010,9,Ataraxis AI,https://www.linkedin.com/company/ataraxis-ai/jobs,https://linkedin.com,https://www.ataraxis.ai,,,,,,,,,,,,,,,,
a11c1836-eeb9-4a41-9483-9d420932ac93,822b1351-a7ef-490c-8496-3d82336a9010,10,Stripe,https://stripe.com/jobs,https://stripe.com,https://stripe.com,,,,,,,,,,,,,,,,
a11c1836-eeb9-4a41-9483-9d420932ac93,822b1351-a7ef-490c-8496-3d82336a9010,11,Plaid,https://plaid.com/careers,https://plaid.com,https://plaid.com,,,,,,,,,,,,,,,,
a11c1836-eeb9-4a41-9483-9d420932ac93,822b1351-a7ef-490c-8496-3d82336a9010,12,Replit,https://jobs.ashbyhq.com/replit,,https://replit.com,,,,,,,,,,,,,,,,
a11c1836-eeb9-4a41-9483-9d420932ac93,822b1351-a7ef-490c-8496-3d82336a9010,13,Notion,https://job-boards.greenhouse.io/notion,,https://www.notion.so,,,,,,,,,,,,,,,,
a11c1836-eeb9-4a41-9483-9d420932ac93,822b1351-a7ef-490c-8496-3d82336a9010,14,Decagon,https://jobs.ashbyhq.com/decagon,,https://www.decagon.ai,,,,,,,,,,,,,,,,
a11c1836-eeb9-4a41-9483-9d420932ac93,822b1351-a7ef-490c-8496-3d82336a9010,15,Osmo,https://osmo.ai/careers,https://osmo.ai,https://osmo.ai,,,,,,,,,,,,,,,,
a11c1836-eeb9-4a41-9483-9d420932ac93,822b1351-a7ef-490c-8496-3d82336a9010,16,Modal Labs,https://modal.com/company,https://modal.com,https://modal.com,,,,,,,,,,,,,,,,
a11c1836-eeb9-4a41-9483-9d420932ac93,822b1351-a7ef-490c-8496-3d82336a9010,17,Scale AI,https://scale.com/careers,https://scale.com,https://scale.com,,,,,,,,,,,,,,,,
a11c1836-eeb9-4a41-9483-9d420932ac93,822b1351-a7ef-490c-8496-3d82336a9010,18,Hebbia,https://careers.hebbia.ai,https://hebbia.ai,https://www.hebbia.ai,,,,,,,,,,,,,,,,
a11c1836-eeb9-4a41-9483-9d420932ac93,822b1351-a7ef-490c-8496-3d82336a9010,19,Headway,https://www.builtinnyc.com/company/headway/jobs,https://builtinnyc.com,https://headway.co,,,,,,,,,,,,,,,,
a11c1836-eeb9-4a41-9483-9d420932ac93,822b1351-a7ef-490c-8496-3d82336a9010,20,AlphaSense,https://boards.greenhouse.io/alphasense,,https://www.alpha-sense.com,,,,,,,,,,,,,,,,
a11c1836-eeb9-4a41-9483-9d420932ac93,822b1351-a7ef-490c-8496-3d82336a9010,21,OpenAI,https://openai.com/careers,https://openai.com,https://openai.com,,,,,,,,,,,,,,,,
a11c1836-eeb9-4a41-9483-9d420932ac93,822b1351-a7ef-490c-8496-3d82336a9010,22,Mercury,https://mercury.com/jobs,https://mercury.com,https://mercury.com,,,,,,,,,,,,,,,,
a11c1836-eeb9-4a41-9483-9d420932ac93,822b1351-a7ef-490c-8496-3d82336a9010,23,Kickoff,https://jobs.lever.co/Kickoff,,https://www.kickoff.com,,,,,,,,,,,,,,,,
a11c1836-eeb9-4a41-9483-9d420932ac93,822b1351-a7ef-490c-8496-3d82336a9010,24,Anthropic,https://job-boards.greenhouse.io/anthropic,,https://www.anthropic.com,,,,,,,,,,,,,,,,
a11c1836-eeb9-4a41-9483-9d420932ac93,822b1351-a7ef-490c-8496-3d82336a9010,25,EvolutionaryScale,https://evolutionaryscale.ai/careers,https://evolutionaryscale.ai,https://evolutionaryscale.ai,,,,,,,,,,,,,,,,
a11c1836-eeb9-4a41-9483-9d420932ac93,822b1351-a7ef-490c-8496-3d82336a9010,26,Assembled,https://jobs.ashbyhq.com/assembledhq,,https://www.assembled.com,,,,,,,,,,,,,,,,
19c9ad0f-b502-48ed-aa6a-eef1b34c0fe6,01ca3f59-5084-4867-844f-c1e759c16d5f,1,Waymo,https://careers.withwaymo.com,https://withwaymo.com,https://withwaymo.com,,,,,,,,,,,,,,,,
19c9ad0f-b502-48ed-aa6a-eef1b34c0fe6,01ca3f59-5084-4867-844f-c1e759c16d5f,2,Via Transportation,https://ridewithvia.com/careers/jobs,https://ridewithvia.com,https://ridewithvia.com,,,,,,,,,,,,,,,,
19c9ad0f-b502-48ed-aa6a-eef1b34c0fe6,01ca3f59-5084-4867-844f-c1e759c16d5f,3,Uber,https://www.uber.com/us/en/careers/list/,https://uber.com,https://uber.com,,,,,,,,,,,,,,,,
19c9ad0f-b502-48ed-aa6a-eef1b34c0fe6,01ca3f59-5084-4867-844f-c1e759c16d5f,4,Outrider,https://www.outrider.ai/careers/,https://outrider.ai,https://outrider.ai,,,,,,,,,,,,,,,,
19c9ad0f-b502-48ed-aa6a-eef1b34c0fe6,01ca3f59-5084-4867-844f-c1e759c16d5f,5,DoorDash,https://careersatdoordash.com/job-search/,https://careersatdoordash.com,https://careersatdoordash.com,,,,,,,,,,,,,,,,
19c9ad0f-b502-48ed-aa6a-eef1b34c0fe6,01ca3f59-5084-4867-844f-c1e759c16d5f,6,ChargePoint,https://www.chargepoint.com/about/opportunities,https://chargepoint.com,https://chargepoint.com,,,,,,,,,,,,,,,,
19c9ad0f-b502-48ed-aa6a-eef1b34c0fe6,01ca3f59-5084-4867-844f-c1e759c16d5f,7,Zoox (Amazon),https://zoox.com/careers,https://zoox.com,https://zoox.com,,,,,,,,,,,,,,,,
19c9ad0f-b502-48ed-aa6a-eef1b34c0fe6,01ca3f59-5084-4867-844f-c1e759c16d5f,8,Revel,https://gorevel.com/careers,https://gorevel.com,https://gorevel.com,,,,,,,,,,,,,,,,
19c9ad0f-b502-48ed-aa6a-eef1b34c0fe6,01ca3f59-5084-4867-844f-c1e759c16d5f,9,Aurora Innovation,https://aurora.tech/careers/,https://aurora.tech,https://aurora.tech,,,,,,,,,,,,,,,,
19c9ad0f-b502-48ed-aa6a-eef1b34c0fe6,01ca3f59-5084-4867-844f-c1e759c16d5f,10,Parallel Domain,https://paralleldomain.com/jobs/,https://paralleldomain.com,https://paralleldomain.com,,,,,,,,,,,,,,,,
19c9ad0f-b502-48ed-aa6a-eef1b34c0fe6,01ca3f59-5084-4867-844f-c1e759c16d5f,11,Kodiak Robotics,https://kodiak.ai/careers,https://kodiak.ai,https://kodiak.ai,,,,,,,,,,,,,,,,
19c9ad0f-b502-48ed-aa6a-eef1b34c0fe6,01ca3f59-5084-4867-844f-c1e759c16d5f,12,Gatik,https://gatik.ai/careers/,https://gatik.ai,https://gatik.ai,,,,,,,,,,,,,,,,
19c9ad0f-b502-48ed-aa6a-eef1b34c0fe6,01ca3f59-5084-4867-844f-c1e759c16d5f,13,Rivian,https://careers.rivian.com/careers-home/,https://rivian.com,https://rivian.com,,,,,,,,,,,,,,,,
19c9ad0f-b502-48ed-aa6a-eef1b34c0fe6,01ca3f59-5084-4867-844f-c1e759c16d5f,14,Zipline,https://www.zipline.com/careers,https://zipline.com,https://zipline.com,,,,,,,,,,,,,,,,
19c9ad0f-b502-48ed-aa6a-eef1b34c0fe6,01ca3f59-5084-4867-844f-c1e759c16d5f,15,Nuro,https://www.nuro.ai/careers,https://nuro.ai,https://nuro.ai,,,,,,,,,,,,,,,,
19c9ad0f-b502-48ed-aa6a-eef1b34c0fe6,01ca3f59-5084-4867-844f-c1e759c16d5f,16,Motional,https://motional.com/careers,https://motional.com,https://motional.com,,,,,,,,,,,,,,,,
19c9ad0f-b502-48ed-aa6a-eef1b34c0fe6,01ca3f59-5084-4867-844f-c1e759c16d5f,17,Lyft,https://www.lyft.com/careers,https://lyft.com,https://lyft.com,,,,,,,,,,,,,,,,
19c9ad0f-b502-48ed-aa6a-eef1b34c0fe6,01ca3f59-5084-4867-844f-c1e759c16d5f,18,Instacart,https://instacart.careers/current-openings/,https://instacart.careers,https://instacart.careers,,,,,,,,,,,,,,,,
19c9ad0f-b502-48ed-aa6a-eef1b34c0fe6,01ca3f59-5084-4867-844f-c1e759c16d5f,19,May Mobility,https://maymobility.com/careers,https://maymobility.com,https://maymobility.com,,,,,,,,,,,,,,,,
19c9ad0f-b502-48ed-aa6a-eef1b34c0fe6,01ca3f59-5084-4867-844f-c1e759c16d5f,20,Cartken,https://www.cartken.com/,https://cartken.com,https://cartken.com,,,,,,,,,,,,,,,,
19c9ad0f-b502-48ed-aa6a-eef1b34c0fe6,01ca3f59-5084-4867-844f-c1e759c16d5f,21,EVgo,https://jobs.jobvite.com/evgo/jobs,https://jobvite.com,https://jobvite.com,,,,,,,,,,,,,,,,
19c9ad0f-b502-48ed-aa6a-eef1b34c0fe6,01ca3f59-5084-4867-844f-c1e759c16d5f,22,WeaveGrid,https://www.weavegrid.com/careers/job-openings,https://weavegrid.com,https://weavegrid.com,,,,,,,,,,,,,,,,
19c9ad0f-b502-48ed-aa6a-eef1b34c0fe6,01ca3f59-5084-4867-844f-c1e759c16d5f,23,Optiwatt,https://apply.workable.com/optiwatt/,https://workable.com,https://workable.com,,,,,,,,,,,,,,,,
19c9ad0f-b502-48ed-aa6a-eef1b34c0fe6,01ca3f59-5084-4867-844f-c1e759c16d5f,24,Intersection,https://www.intersection.com/join-our-team/,https://intersection.com,https://intersection.com,,,,,,,,,,,,,,,,
19c9ad0f-b502-48ed-aa6a-eef1b34c0fe6,01ca3f59-5084-4867-844f-c1e759c16d5f,25,Populus,https://www.populus.ai/,https://populus.ai,https://populus.ai,,,,,,,,,,,,,,,,
19c9ad0f-b502-48ed-aa6a-eef1b34c0fe6,01ca3f59-5084-4867-844f-c1e759c16d5f,26,Transit App,https://transitapp.com/jobs,https://transitapp.com,https://transitapp.com,,,,,,,,,,,,,,,,
19c9ad0f-b502-48ed-aa6a-eef1b34c0fe6,01ca3f59-5084-4867-844f-c1e759c16d5f,27,Newlab (Brooklyn Navy Yard Ecosystem),https://www.newlab.com/locations/brooklyn,https://newlab.com,https://newlab.com,,,,,,,,,,,,,,,,
19c9ad0f-b502-48ed-aa6a-eef1b34c0fe6,01ca3f59-5084-4867-844f-c1e759c16d5f,28,Tesla Autopilot & FSD,https://www.tesla.com/careers,https://tesla.com,https://tesla.com,,,,,,,,,,,,,,,,
19c9ad0f-b502-48ed-aa6a-eef1b34c0fe6,01ca3f59-5084-4867-844f-c1e759c16d5f,29,Joby Aviation,https://www.jobyaviation.com/careers,https://jobyaviation.com,https://jobyaviation.com,,,,,,,,,,,,,,,,
19c9ad0f-b502-48ed-aa6a-eef1b34c0fe6,01ca3f59-5084-4867-844f-c1e759c16d5f,30,Archer Aviation,https://archer.com/company,https://archer.com,https://archer.com,,,,,,,,,,,,,,,,
9d49907c-a057-4f3b-9cfc-a6e2769b44cd,cba9e086-acd5-4bb7-ba1c-ccdd1c92225d,1001,Slack,https://slack.com/careers,https://slack.com,https://slack.com,,,,,,,,,,,,,,,,
9d49907c-a057-4f3b-9cfc-a6e2769b44cd,cba9e086-acd5-4bb7-ba1c-ccdd1c92225d,1002,Stripe,https://stripe.com/careers,https://stripe.com,https://stripe.com,,,,,,,,,,,,,,,,
9d49907c-a057-4f3b-9cfc-a6e2769b44cd,cba9e086-acd5-4bb7-ba1c-ccdd1c92225d,1003,Jet Labs,https://jetlabs.com/careers,https://jetlabs.com,https://jetlabs.com,,,,,,,,,,,,,,,,
9d49907c-a057-4f3b-9cfc-a6e2769b44cd,cba9e086-acd5-4bb7-ba1c-ccdd1c92225d,1004,CoreWeave,https://coreweave.com/careers,https://coreweave.com,https://coreweave.com,,,,,,,,,,,,,,,,
9d49907c-a057-4f3b-9cfc-a6e2769b44cd,cba9e086-acd5-4bb7-ba1c-ccdd1c92225d,1005,Intercom,https://intercom.com/careers,https://intercom.com,https://intercom.com,,,,,,,,,,,,,,,,
9d49907c-a057-4f3b-9cfc-a6e2769b44cd,cba9e086-acd5-4bb7-ba1c-ccdd1c92225d,1006,Vercel,https://vercel.com/careers,https://vercel.com,https://vercel.com,,,,,,,,,,,,,,,,
9d49907c-a057-4f3b-9cfc-a6e2769b44cd,cba9e086-acd5-4bb7-ba1c-ccdd1c92225d,1007,Zendesk,https://zendesk.com/careers,https://zendesk.com,https://zendesk.com,,,,,,,,,,,,,,,,
9d49907c-a057-4f3b-9cfc-a6e2769b44cd,cba9e086-acd5-4bb7-ba1c-ccdd1c92225d,1008,MongoDB,https://mongodb.com/careers,https://mongodb.com,https://mongodb.com,,,,,,,,,,,,,,,,
9d49907c-a057-4f3b-9cfc-a6e2769b44cd,cba9e086-acd5-4bb7-ba1c-ccdd1c92225d,1009,Anthropic,https://anthropic.com/careers,https://anthropic.com,https://www.anthropic.com,,,,,,,,,,,,,,,,
9d49907c-a057-4f3b-9cfc-a6e2769b44cd,cba9e086-acd5-4bb7-ba1c-ccdd1c92225d,1010,Hugging Face,https://huggingface.co/careers,https://huggingface.co,https://huggingface.co,,,,,,,,,,,,,,,,
9d49907c-a057-4f3b-9cfc-a6e2769b44cd,cba9e086-acd5-4bb7-ba1c-ccdd1c92225d,1011,Airbnb,https://airbnb.com/careers,https://airbnb.com,https://airbnb.com,,,,,,,,,,,,,,,,
9d49907c-a057-4f3b-9cfc-a6e2769b44cd,cba9e086-acd5-4bb7-ba1c-ccdd1c92225d,1012,Linear,https://linear.app/careers,https://linear.app,https://linear.app,,,,,,,,,,,,,,,,
9d49907c-a057-4f3b-9cfc-a6e2769b44cd,cba9e086-acd5-4bb7-ba1c-ccdd1c92225d,1013,Discord,https://discord.com/careers,https://discord.com,https://discord.com,,,,,,,,,,,,,,,,
9d49907c-a057-4f3b-9cfc-a6e2769b44cd,cba9e086-acd5-4bb7-ba1c-ccdd1c92225d,1014,peugeot,https://peugeot.com/careers,https://peugeot.com,https://peugeot.com,,,,,,,,,,,,,,,,
9d49907c-a057-4f3b-9cfc-a6e2769b44cd,cba9e086-acd5-4bb7-ba1c-ccdd1c92225d,1015,adp,https://adp.com/careers,https://adp.com,https://adp.com,,,,,,,,,,,,,,,,
9d49907c-a057-4f3b-9cfc-a6e2769b44cd,cba9e086-acd5-4bb7-ba1c-ccdd1c92225d,1016,Atlassian,https://atlassian.com/careers,https://atlassian.com,https://atlassian.com,,,,,,,,,,,,,,,,
9d49907c-a057-4f3b-9cfc-a6e2769b44cd,cba9e086-acd5-4bb7-ba1c-ccdd1c92225d,1017,GitLab,https://gitlab.com/careers,https://gitlab.com,https://gitlab.com,,,,,,,,,,,,,,,,
9d49907c-a057-4f3b-9cfc-a6e2769b44cd,cba9e086-acd5-4bb7-ba1c-ccdd1c92225d,1018,Supabase,https://supabase.com/careers,https://supabase.com,https://supabase.com,,,,,,,,,,,,,,,,
9d49907c-a057-4f3b-9cfc-a6e2769b44cd,cba9e086-acd5-4bb7-ba1c-ccdd1c92225d,1019,PlayStation (Sony Interactive Entertainment),https://playstation.com/careers,https://playstation.com,https://playstation.com,,,,,,,,,,,,,,,,
d5d36925-4ee9-4681-9c38-000c472abb7a,0d772ec0-eae1-4773-9c7b-3e3c2a0c20c9,1,Databricks,https://www.databricks.com/company/careers,https://databricks.com,https://databricks.com,,,,,,,,,,,,,,,,
d5d36925-4ee9-4681-9c38-000c472abb7a,0d772ec0-eae1-4773-9c7b-3e3c2a0c20c9,2,GitLab,https://about.gitlab.com/jobs/,https://gitlab.com,https://gitlab.com,,,,,,,,,,,,,,,,
d5d36925-4ee9-4681-9c38-000c472abb7a,0d772ec0-eae1-4773-9c7b-3e3c2a0c20c9,3,Cloudflare,https://www.cloudflare.com/careers/jobs/,https://cloudflare.com,https://cloudflare.com,,,,,,,,,,,,,,,,
d5d36925-4ee9-4681-9c38-000c472abb7a,0d772ec0-eae1-4773-9c7b-3e3c2a0c20c9,4,CrowdStrike,https://www.crowdstrike.com/careers/,https://crowdstrike.com,https://crowdstrike.com,,,,,,,,,,,,,,,,
d5d36925-4ee9-4681-9c38-000c472abb7a,0d772ec0-eae1-4773-9c7b-3e3c2a0c20c9,5,Okta,https://www.okta.com/company/careers/,https://okta.com,https://okta.com,,,,,,,,,,,,,,,,
d5d36925-4ee9-4681-9c38-000c472abb7a,0d772ec0-eae1-4773-9c7b-3e3c2a0c20c9,6,Palo Alto Networks,https://jobs.paloaltonetworks.com/,https://paloaltonetworks.com,https://paloaltonetworks.com,,,,,,,,,,,,,,,,
d5d36925-4ee9-4681-9c38-000c472abb7a,0d772ec0-eae1-4773-9c7b-3e3c2a0c20c9,7,Plaid,https://plaid.com/careers/,https://plaid.com,https://plaid.com,,,,,,,,,,,,,,,,
d5d36925-4ee9-4681-9c38-000c472abb7a,0d772ec0-eae1-4773-9c7b-3e3c2a0c20c9,8,Rippling,https://www.rippling.com/careers,https://rippling.com,https://rippling.com,,,,,,,,,,,,,,,,
d5d36925-4ee9-4681-9c38-000c472abb7a,0d772ec0-eae1-4773-9c7b-3e3c2a0c20c9,9,Figma,https://www.figma.com/careers/,https://figma.com,https://www.figma.com,,,,,,,,,,,,,,,,
d5d36925-4ee9-4681-9c38-000c472abb7a,0d772ec0-eae1-4773-9c7b-3e3c2a0c20c9,10,Temporal,https://temporal.io/careers,https://temporal.io,https://temporal.io,,,,,,,,,,,,,,,,
d5d36925-4ee9-4681-9c38-000c472abb7a,0d772ec0-eae1-4773-9c7b-3e3c2a0c20c9,11,Chime,https://careers.chime.com/,https://chime.com,https://chime.com,,,,,,,,,,,,,,,,
d5d36925-4ee9-4681-9c38-000c472abb7a,0d772ec0-eae1-4773-9c7b-3e3c2a0c20c9,12,Huntress,https://www.huntress.com/company/careers,https://huntress.com,https://huntress.com,,,,,,,,,,,,,,,,
d5d36925-4ee9-4681-9c38-000c472abb7a,0d772ec0-eae1-4773-9c7b-3e3c2a0c20c9,13,Grafana Labs,https://grafana.com/about/careers/,https://grafana.com,https://grafana.com,,,,,,,,,,,,,,,,
d5d36925-4ee9-4681-9c38-000c472abb7a,0d772ec0-eae1-4773-9c7b-3e3c2a0c20c9,14,Abnormal Security,https://careers.abnormalsecurity.com/,https://abnormalsecurity.com,https://abnormalsecurity.com,,,,,,,,,,,,,,,,
d5d36925-4ee9-4681-9c38-000c472abb7a,0d772ec0-eae1-4773-9c7b-3e3c2a0c20c9,15,Wiz,https://www.wiz.io/careers,https://wiz.io,https://wiz.io,,,,,,,,,,,,,,,,
d5d36925-4ee9-4681-9c38-000c472abb7a,0d772ec0-eae1-4773-9c7b-3e3c2a0c20c9,16,Snyk,https://snyk.io/careers/,https://snyk.io,https://snyk.io,,,,,,,,,,,,,,,,
d5d36925-4ee9-4681-9c38-000c472abb7a,0d772ec0-eae1-4773-9c7b-3e3c2a0c20c9,17,Canva,https://www.lifeatcanva.com/,https://lifeatcanva.com,https://lifeatcanva.com,,,,,,,,,,,,,,,,
d5d36925-4ee9-4681-9c38-000c472abb7a,0d772ec0-eae1-4773-9c7b-3e3c2a0c20c9,18,Arctic Wolf,https://arcticwolf.com/company/careers/,https://arcticwolf.com,https://arcticwolf.com,,,,,,,,,,,,,,,,
d5d36925-4ee9-4681-9c38-000c472abb7a,0d772ec0-eae1-4773-9c7b-3e3c2a0c20c9,19,Viasat,https://careers.viasat.com/,https://viasat.com,https://viasat.com,,,,,,,,,,,,,,,,
d5d36925-4ee9-4681-9c38-000c472abb7a,0d772ec0-eae1-4773-9c7b-3e3c2a0c20c9,20,Blizzard Entertainment,https://careers.blizzard.com/,https://blizzard.com,https://blizzard.com,,,,,,,,,,,,,,,,
d5d36925-4ee9-4681-9c38-000c472abb7a,0d772ec0-eae1-4773-9c7b-3e3c2a0c20c9,21,Snap Inc.,https://careers.snap.com/,https://snap.com,https://snap.com,,,,,,,,,,,,,,,,
d5d36925-4ee9-4681-9c38-000c472abb7a,0d772ec0-eae1-4773-9c7b-3e3c2a0c20c9,22,Qualcomm,https://careers.qualcomm.com/,https://qualcomm.com,https://qualcomm.com,,,,,,,,,,,,,,,,
d5d36925-4ee9-4681-9c38-000c472abb7a,0d772ec0-eae1-4773-9c7b-3e3c2a0c20c9,23,Riot Games,https://www.riotgames.com/en/work-with-us/jobs,https://riotgames.com,https://riotgames.com,,,,,,,,,,,,,,,,
d5d36925-4ee9-4681-9c38-000c472abb7a,0d772ec0-eae1-4773-9c7b-3e3c2a0c20c9,24,ServiceNow,https://careers.servicenow.com/,https://servicenow.com,https://servicenow.com,,,,,,,,,,,,,,,,
d5d36925-4ee9-4681-9c38-000c472abb7a,0d772ec0-eae1-4773-9c7b-3e3c2a0c20c9,25,Teradata,https://careers.teradata.com/,https://teradata.com,https://teradata.com,,,,,,,,,,,,,,,,
d5d36925-4ee9-4681-9c38-000c472abb7a,0d772ec0-eae1-4773-9c7b-3e3c2a0c20c9,26,Brain Corp,https://www.braincorp.com/careers,https://braincorp.com,https://braincorp.com,,,,,,,,,,,,,,,,
d5d36925-4ee9-4681-9c38-000c472abb7a,0d772ec0-eae1-4773-9c7b-3e3c2a0c20c9,27,CoreLogic,https://careers.corelogic.com/,https://corelogic.com,https://corelogic.com,,,,,,,,,,,,,,,,
d5d36925-4ee9-4681-9c38-000c472abb7a,0d772ec0-eae1-4773-9c7b-3e3c2a0c20c9,28,Render,https://render.com/careers,https://render.com,https://render.com,,,,,,,,,,,,,,,,
d5d36925-4ee9-4681-9c38-000c472abb7a,0d772ec0-eae1-4773-9c7b-3e3c2a0c20c9,29,Retool,https://retool.com/careers,https://retool.com,https://retool.com,,,,,,,,,,,,,,,,
d5d36925-4ee9-4681-9c38-000c472abb7a,0d772ec0-eae1-4773-9c7b-3e3c2a0c20c9,30,Replit,https://replit.com/careers,https://replit.com,https://replit.com,,,,,,,,,,,,,,,,
d5d36925-4ee9-4681-9c38-000c472abb7a,0d772ec0-eae1-4773-9c7b-3e3c2a0c20c9,31,Supabase,https://supabase.com/careers,https://supabase.com,https://supabase.com,,,,,,,,,,,,,,,,
d5d36925-4ee9-4681-9c38-000c472abb7a,0d772ec0-eae1-4773-9c7b-3e3c2a0c20c9,32,Fly.io,https://fly.io/jobs/,https://fly.io,https://fly.io,,,,,,,,,,,,,,,,
d5d36925-4ee9-4681-9c38-000c472abb7a,0d772ec0-eae1-4773-9c7b-3e3c2a0c20c9,33,Anthropic,https://www.anthropic.com/careers,https://anthropic.com,https://www.anthropic.com,,,,,,,,,,,,,,,,
d5d36925-4ee9-4681-9c38-000c472abb7a,0d772ec0-eae1-4773-9c7b-3e3c2a0c20c9,34,Stripe,https://stripe.com/jobs,https://stripe.com,https://stripe.com,,,,,,,,,,,,,,,,
d5d36925-4ee9-4681-9c38-000c472abb7a,0d772ec0-eae1-4773-9c7b-3e3c2a0c20c9,35,Netflix,https://jobs.netflix.com/teams/security,https://netflix.com,https://netflix.com,,,,,,,,,,,,,,,,
d5d36925-4ee9-4681-9c38-000c472abb7a,0d772ec0-eae1-4773-9c7b-3e3c2a0c20c9,36,OpenAI,https://openai.com/careers/,https://openai.com,https://openai.com,,,,,,,,,,,,,,,,
d5d36925-4ee9-4681-9c38-000c472abb7a,0d772ec0-eae1-4773-9c7b-3e3c2a0c20c9,37,Coinbase,https://www.coinbase.com/careers/positions,https://coinbase.com,https://coinbase.com,,,,,,,,,,,,,,,,